text_clean,label
"Moderna shares drop after FDA refuses to file for mRNA-1010 influenza vaccine Moderna’s mRNA-1010 flu vaccine application gets FDA refusal-to-file over trial control arm; shares drop. Moderna shares drop after FDA refuses to file for mRNA-1010 influenza vaccine Feb. 11, 2026 2:54 AM ETModerna, Inc. (MRNA) StockBy : Arundhati Sarkar, SA News Editor Comment (1) Moderna (MRNA) Tuesday said that the U.S. Food and Drug Administration w... [373 chars]",-1
"FDA refuses to review Moderna’s mRNA flu vaccine application FDA refuses Moderna mRNA flu vaccine application, citing inadequate study design that could delay stronger protection shot, as Stéphane Bancel says decision contradicts prior FDA guidance. NEWYou can now listen to Fox News articles! The U.S. Food and Drug Administration (FDA) refused to consider Moderna’s application for a new flu vaccine using mRNA technology, the company announced Tuesday, a decision that could delay the introduction... [3478 chars]",-1
"Moderna says FDA refuses its application for new mRNA flu vaccine The Food and Drug Administration is refusing to consider Moderna's application for a new flu vaccine made with mRNA technology, the company said. The Food and Drug Administration is refusing to consider Moderna's application for a new flu vaccine made with Nobel Prize-winning mRNA technology, the company announced Tuesday. The news is the latest sign of the FDA's heightened scrutiny of vaccine... [3740 chars]",-1
"Moderna says FDA refuses its application for new mRNA flu vaccine Moderna faces FDA refusal for its mRNA flu vaccine application amid Robert F. Kennedy Jr.'s increased scrutiny of mRNA technology. Learn more. FDA under Robert F. Kennedy Jr. refused to consider Moderna's mRNA flu vaccine, citing trial issues. Moderna seeks urgent talks and has applied for approval in Europe, Canada, and Australia. By AP The US Food and Drug Administration is refusing to co... [3106 chars]",-1
"Moderna says FDA refuses its application for new mRNA flu vaccine The decision follows a pattern of policy shifts, including the rollback of COVID-19 recommendations and cancellation of mRNA funding. By LAURAN NEERGAARD and MATTHEW PERRONE, The Associated Press WASHINGTON (AP) — The U.S. Food and Drug Administration is refusing to consider Moderna’s application for a new flu vaccine made with Nobel Prize-winning mRNA technology, the company annou... [3185 chars]",-1
"Moderna says FDA refuses its application for new mRNA flu vaccine WASHINGTON, D.C. — The US Food and Drug Administration is refusing to consider Moderna’s application for a new flu vaccine made with Nobel Prize-winning mRNA technology, the company announced Tuesday. WASHINGTON, D.C. — The US Food and Drug Administration is refusing to consider Moderna’s application for a new flu vaccine made with Nobel Prize-winning mRNA technology, the company announced Tuesday. The news is the latest sign of the FDA’s heighten... [2895 chars]",-1
"FDA refuses to review Moderna's mRNA flu vaccine The move comes amid RFK Jr.'s relentless efforts to enact his anti-vaccine agenda. The Food and Drug Administration has refused to review Moderna’s application for an mRNA flu vaccine, the company revealed Tuesday. While the move came as a surprise to the high-profile vaccine maker, it is just the latest hostility toward vaccines—a... [2657 chars]",-1
"FDA Blocks Moderna's mRNA Flu Vaccine Application Amid Heightened Scrutiny The FDA has refused to consider Moderna's application for a new flu vaccine using mRNA technology, criticizing the design of its clinical trial. Despite the agency's concerns, Moderna argues there are no safety or efficacy issues. The refusal is part of increased FDA scrutiny under Health Secretary Robert F Kennedy Jr. The US Food and Drug Administration (FDA) has declined Moderna's application for a new flu vaccine developed with mRNA technology, expressing concerns over the clinical trial's structure. This decision is the latest instance of escalated scrutiny on ... [820 chars]",-1
"FDA refuses to review Moderna application for new mRNA-based flu vaccine It’s rare that FDA refuses to file an application, particularly for a new vaccine, which requires companies and FDA staff to engage in months or years of discussions. WASHINGTON — The U.S. Food and Drug Administration is refusing to consider Moderna’s application for a new flu vaccine made with Nobel Prize-winning mRNA technology, the company announced Tuesday. The news is the latest sign of the FDA’s heightened s... [2895 chars]",-1
"FDA refuses to consider application for new mRNA flu vaccine, Moderna says It’s rare for the FDA to refuse to file an application, particularly for a new vaccine. Washington — The U.S. Food and Drug Administration is refusing to consider Moderna’s application for a new flu vaccine made with Nobel Prize-winning mRNA technology, the company announced Tuesday. The news is the latest sign of the FDA’s heightened s... [2391 chars]",-1
US refuses application for new mRNA flu vaccine An application for a new flu vaccine made with Nobel Prize-winning mRNA technology has been knocked back by the US authority overseen by Robert F Kennedy Jr. The US Food and Drug Administration is refusing to consider Moderna’s application for a new flu vaccine made with Nobel Prize-winning mRNA technology. The news is the latest sign of the FDA’s heightened scrutiny of vaccines under Health Secretary Rob... [2426 chars],-1
"FDA declines to review Moderna’s new flu vaccine This decision signals heightened scrutiny of vaccines by the FDA under Health Secretary Robert F. Kennedy Jr. The U.S. Food and Drug Administration (FDA) has refused to consider Moderna’s application for a new flu vaccine, which utilizes Nobel Prize-winning mRNA technology, the company announced on Tuesday. This decision signals heightened scrutiny of vaccin... [2884 chars]",-1
US refuses application for new mRNA flu vaccine An application for a new flu vaccine made with Nobel Prize-winning mRNA technology has been knocked back by the US authority overseen by Robert F Kennedy Jr. The US Food and Drug Administration is refusing to consider Moderna's application for a new flu vaccine made with Nobel Prize-winning mRNA technology. The news is the latest sign of the FDA's heightened scrutiny of vaccines under Health Secretary Rob... [2371 chars],-1
US refuses application for new mRNA flu vaccine An application for a new flu vaccine made with Nobel Prize-winning mRNA technology has been knocked back by... Moderna's application for a new flu vaccine has been knocked back by the US authority. Photo: AP PHOTO The US Food and Drug Administration is refusing to consider Moderna's application for a new flu vaccine made with Nobel Prize-winning mRNA technolo... [4398 chars],-1
"Moderna says FDA refuses its application for new mRNA flu vaccine The U.S. Food and Drug Administration is refusing to consider Moderna’s application for a new flu vaccine made with mRNA technology WASHINGTON (AP) — The U.S. Food and Drug Administration is refusing to consider Moderna’s application for a new flu vaccine made with Nobel Prize-winning mRNA technology, the company announced Tuesday. The news is the latest sign of the FDA’s heighte... [2662 chars]",-1
"Moderna says FDA will not consider its mRNA flu vaccine The U.S. Food and Drug Administration is refusing to consider Moderna’s application for a new flu vaccine made with mRNA technology. WASHINGTON (AP) — The U.S. Food and Drug Administration is refusing to consider Moderna’s application for a new flu vaccine made with Nobel Prize-winning mRNA technology, the company announced Tuesday. The news is the latest sign of the FDA’s heighte... [3128 chars]",0
"Moderna says FDA refuses its application for new mRNA flu vaccine WASHINGTON (AP) — The U.S. Food and Drug Administration is refusing to consider Moderna’s application for a new flu vaccine made with Nobel Prize-winning mRNA… WASHINGTON (AP) — The U.S. Food and Drug Administration is refusing to consider Moderna’s application for a new flu vaccine made with Nobel Prize-winning mRNA technology, the company announced Tuesday. The news is the latest sign of the FDA’s heighte... [3261 chars]",-1
"Moderna says FDA refuses its application for new mRNA flu vaccine WASHINGTON -- The U.S. Food and Drug Administration is refusing to consider Moderna’s application for a new flu vaccine made with Nobel Prize-winning mRNA FDA to reassess the safety of BHA, a preservative used in popular snack foods Federal health officials said Tuesday they will reassess the safety of a chemical called BHA used in foods including potato chips, cereals, frozen meals and meat products. ... [3614 chars]",-1
"Moderna says FDA refuses its application for new mRNA flu vaccine The U.S. Food and Drug Administration is refusing to consider Moderna’s application for a new flu vaccine made with mRNA technology. WASHINGTON – The U.S. Food and Drug Administration is refusing to consider Moderna’s application for a new flu vaccine made with Nobel Prize-winning mRNA technology, the company announced Tuesday. The news is the latest sign of the FDA’s heightened s... [3123 chars]",-1
"Moderna Says FDA Refuses Its Application for New MRNA Flu Vaccine WASHINGTON (AP) — The U.S. Food and Drug Administration is refusing to consider Moderna’s application for a new flu vaccine made with Nobel Prize-winning mRNA technology, the company announced Tuesday. WASHINGTON (AP) — The U.S. Food and Drug Administration is refusing to consider Moderna’s application for a new flu vaccine made with Nobel Prize-winning mRNA technology, the company announced Tuesday. The news is the latest sign of the FDA’s heighte... [3261 chars]",-1
"FDA refuses to review Moderna’s application for mRNA flu vaccine, company says The US Food and Drug Administration has refused to accept an application from Moderna to review its first mRNA seasonal flu vaccine, the company said Tuesday, in another setback for the technology that’s been a target of some Trump administration health officials. The US Food and Drug Administration has refused to accept an application from Moderna to review its first mRNA seasonal flu vaccine, the company said Tuesday, in another setback for the technology that’s been a target of some Trump administration hea... [1960 chars]",-1
"FDA refuses to review Moderna’s application for mRNA flu vaccine, company says By Meg Tirrell, CNN (CNN) — The US Food and Drug Administration has refused to accept an application from Moderna to review its first mRNA seasonal flu vaccine, the company said Tuesday, in another setback for the technology that’s been a target of some Trump administration health officials. The agency told Moderna that its application By Meg Tirrell, CNN (CNN) — The US Food and Drug Administration has refused to accept an application from Moderna to review its first mRNA seasonal flu vaccine, the company said Tuesday, in another setback for the technology that’s been a target of s... [2308 chars]",-1
"FDA declines to review Moderna's mRNA flu shot The Food and Drug Administration rejected Moderna’s application for its mRNA-based flu vaccine, the drugmaker said Tuesday The Food and Drug Administration rejected Moderna’s application for its mRNA-based flu vaccine, the drugmaker said Tuesday. The move is the latest sign that the FDA, under Health Secretary Robert F. Kennedy Jr., is slow-walking vaccine approvals and ... [2343 chars]",-1
"Moderna Stock Dives After FDA Refuses To Review Messenger-RNA-Based Flu Shot The FDA rejected Moderna's experimental flu vaccine Tuesday in a move that proved to be a blow to recently hot Moderna stock. Information in Investor’s Business Daily is for informational and educational purposes only and should not be construed as an offer, recommendation, solicitation, or rating to buy or sell securities. The information has been obtained from sources we ... [1013 chars]",-1
"F.D.A. Refuses to Review Moderna Flu Vaccine The vaccine maker said the U.S. regulator rejected its request to seek approval for a new product using mRNA technology, which Health Secretary Robert F. Kennedy Jr. has sharply criticized. The vaccine maker Moderna said on Tuesday that the Food and Drug Administration had notified the company that the agency would not review its mRNA flu vaccine, the latest sign of federal health policy that has become hostile to vaccine development. D... [1401 chars]",-1
Moderna says US refusing to review mRNA Vaccine manufacturer Moderna said Tuesday the US Food and Drug Administration was refusing to review an application for its first mRNA-based flu shot. The Vaccine manufacturer Moderna said Tuesday the US Food and Drug Administration was refusing to review an application for its first mRNA-based flu shot. The move comes as the current iteration of the FDA has called for a reconsideration of approval pro... [2451 chars],-1
"Moderna says FDA refuses its application for new mRNA flu vaccine WASHINGTON — The U.S. Food and Drug Administration is refusing to consider Moderna’s application for a new flu vaccine made with Nobel Prize-winning mRNA technology, the company announced Tuesday. The news is the latest sign of the FDA’s heightened scrutiny of vaccines under Health Secretary Robert F. Kennedy Jr., particularly WASHINGTON — The U.S. Food and Drug Administration is refusing to consider Moderna’s application for a new flu vaccine made with Nobel Prize-winning mRNA technology, the company announced Tuesday. The news is the latest sign of the FDA’s heightened s... [2891 chars]",-1
"FDA won’t review Moderna application for first mRNA-based flu vaccine The Food and Drug Administration has declined to review Moderna’s application for the first mRNA-based flu vaccine, a decision that shocked the company and that comes as the agency plans to tighten federal vaccine approvals. The Food and Drug Administration has declined to review Moderna’s application for the first mRNA-based flu vaccine, a decision that shocked the company and that comes as the agency plans to tighten federal vaccine approvals. The nation’s top vaccine ... [4538 chars]",-1
Moderna says FDA refuses its application for new mRNA flu vaccine The U.S. Food and Drug Administration is refusing to consider Moderna’s application for a new flu vaccine made with mRNA technology Moderna says FDA The U.S. Food and Drug Administration is refusing to consider Moderna’s application for a new flu vaccine made with mRNA technology Moderna says FDA refuses its application for new mRNA flu vaccineBy LAURAN NEERGAARD and MATTHEW PERRONEAssociated Pre... [3411 chars],-1
"DIFF Biotech's Innovative Nasal Spray Influenza Vaccine Receives Clinical Trial Approval, Introducing a New Attenuation Pathway HANGZHOU, China, Feb. 9, 2026 /PRNewswire/ -- Zhejiang Difference Biological Technology Co., Ltd. (DIFF Biotech) announced that its proprietary nasal spray influenza attenuated live vaccine, DIFF-flu, has recently received clinical trial approval as a Class 1.2 innovative vaccine from China's National Medical Products Administration (NMPA). HANGZHOU, China, Feb. 9, 2026 /PRNewswire/ -- Zhejiang Difference Biological Technology Co., Ltd. (DIFF Biotech) announced that its proprietary nasal spray influenza attenuated live vaccine, DIFF-flu, has recently received clinical trial approval as ... [5686 chars]",1
"Flu vaccine reduced risk of serious illness by about 40%, estimate says Research head says assessment was reassuring as it revealed jab still offered worthwhile protection despite being a mismatch for the dominant strain While this fall’s influenza vaccine was a mismatch for the dominant strain, it still cut the risk of serious illness by roughly 40 per cent, according to a Canadian network that has long tracked the performance of the annual shot. The Canadian Sentin... [4366 chars]",1
"Queensland's free influenza vaccine program to return this year with nasal spray for children aged two to five The program — which will run from March to September — will provide free flu vaccinations, including a nasal spray option for children aged two to five years. Needle-free, nasal spray influenza vaccines will be rolled out for young Queensland children during this year's flu season. The state government has confirmed it is extending its free flu jab program for another year, which will commence in March and... [2411 chars]",0
"Why scientists are so excited about a nasal spray vaccine for bird flu The spray, administered in each nostril, generated a ‘strong immune response’ in rodents during an early-stage trial A new nasal spray vaccine for H5N1 bird flu has shown promising early results, raising hopes it could one day be used to help curb a future pandemic. Testing found that the bird flu vaccine, administered as a spray in each nostril, generated a “stron... [3305 chars]",0
"Rollback of flu, RSV vaccine recommendations harms children Vaccines are not banned. Parents can still protect their children. Pediatricians can still recommend these vaccines. Families can still request them. In ""The Wizard of Oz,"" authority was created through spectacle. Smoke, sounds, and illusion mask the absence of substance, until the curtain is pulled back and the truth is revealed. It is a story about deception, but also about courage, especially t... [4839 chars]",0
"Nasal spray vaccine prevents infection from highly pathogenic H5N1 virus Researchers at WashU Medicine have developed a nasal vaccine against the highly pathogenic H5N1 avian influenza virus, or bird flu, which has jumped from wild birds to livestock to humans. Researchers at WashU Medicine have developed a nasal vaccine against the highly pathogenic H5N1 avian influenza virus, or bird flu, which has jumped from wild birds to livestock to humans. When tested in rodents, the vaccine elicited a strong immune ... [5278 chars]",0
"Nasal bird flu vaccine shows strong protection against infection in rodents Since it was first detected in the U.S. in 2014, H5N1 avian influenza, commonly known as bird flu, has jumped from wild birds to farm animals and then to people, causing more than 70 human cases in the U.S. since 2022, including two fatalities. The virus continues to circulate among animals, giving it the opportunity to develop the ability to spread among humans and potentially cause another pandemic. Since it was first detected in the U.S. in 2014, H5N1 avian influenza, commonly known as bird flu, has jumped from wild birds to farm animals and then to people, causing more than 70 human cases in the U.S. since 2022, including two fatalities. The v... [4672 chars]",1
"Illinois sees its worst flu season in recent years as vaccine skepticism grows From Capitol News Illinois: At least 100 people have died from the flu this season in Illinois, with 77 of those deaths occurring this month alone, according to the Illinois Department of Public Health CHICAGO – Flu cases are increasing rapidly in Illinois as the state sees its worst flu season in more than 15 years. At least 100 people have died from the flu this season in Illinois, with 77 of those deaths occurring this month alone, according to ... [5291 chars]",-1
"Doctors raise alarm over declining vaccine rates in America's most vulnerable... as deadly new 'super flu' continues to spread Health officials have sounded the alarm about vaccine rates declining among one of America's most vulnerable populations, which is more prone to severe illnesses and complications. Health officials are sounding the alarm over vaccine rates declining among older Americans. Newly released data from the CDC's National Center for Health Statistics (NCHS) shows the share of adults over 65 who received a flu vaccine in the past year ... [5806 chars]",-1
"Subclade K: The Superflu Surge of the 2025-2026 Season The 2025-2026 flu season, driven by the highly infectious subclade K of the H3N2 virus, has resulted in record-high case numbers in the U.S. and Canada. Young children are severely affected, with high hospitalization rates. The CDC urges vaccination despite imperfect strain match in this season's vaccine. A new flu variant, subclade K, is causing record high infection rates across the U.S. and Canada this season. With 91.5% of cases attributed to this subtype, the virus is proving especially dangerous for young children. Experts point to low populatio... [727 chars]",0
"Six groups of people urged to get flu vaccine as severe strain spreads Many people are still being urged to get vaccinated as a newer strain of the flu continues to circulate Influenza cases are surging throughout the UK, with the majority of infections linked to the emerging H3N2 strain - alternatively known as subclade k. Recent data from the UK Health Security Agency ( UKHSA ) indicates that flu transmission has now re... [3213 chars]",0
"Six groups of people urged to get flu vaccine as severe strain spreads Many people are still being urged to get vaccinated as a newer strain of the flu continues to circulate Influenza cases are surging throughout the UK, with the majority of infections linked to the emerging H3N2 strain - alternatively known as subclade k. Recent data from the UK Health Security Agency ( UKHSA ) indicates that flu transmission has now re... [3213 chars]",0
"Six groups of people urged to get flu vaccine as severe strain spreads Many people are still being urged to get vaccinated as a newer strain of the flu continues to circulate Influenza cases are surging throughout the UK, with the majority of infections linked to the emerging H3N2 strain - alternatively known as subclade k. Recent data from the UK Health Security Agency ( UKHSA ) indicates that flu transmission has now re... [3213 chars]",0
"Six groups of people urged to get flu vaccine as severe strain spreads Many people are still being urged to get vaccinated as a newer strain of the flu continues to circulate Influenza cases are surging throughout the UK, with the majority of infections linked to the emerging H3N2 strain - alternatively known as subclade k. Recent data from the UK Health Security Agency ( UKHSA ) indicates that flu transmission has now re... [3213 chars]",0
"Six groups of people urged to get flu vaccine as severe strain spreads Many people are still being urged to get vaccinated as a newer strain of the flu continues to circulate Many people are still being urged to get vaccinated as a newer strain of the flu continues to circulate Influenza cases are surging throughout the UK, with the majority of infections linked to the emerging H3N2 strain - alternatively known as subclad... [3317 chars]",0
"RFK Jr.’s Vaccine Messaging Creates Historic Dip in Jab Uptake Flu vaccine uptake among children ages 6 months to 17 years is down 1.5 percentage points nationally. Childhood flu vaccinations are falling nationwide amid an unusually severe influenza season. New federal data show fewer children receiving flu shots compared with last year, extending a downward trend that has persisted for several seasons. The slid... [15996 chars]",0
"The flu vaccine is working Today's health news covers a canceled, controversial CDC-funded hepatitis B vaccine study, the flu shot and subclade K, and more. Get your daily dose of health and medicine every weekday with STAT’s free newsletter Morning Rounds. Sign up here. After getting demolished by the flu last week, I am thrilled to be back in the saddle. Stay healthy, everyone! Advertisement Trump’s ‘G... [4569 chars]",0
"Flu cases climb in Alachua County Florida with new variant UF Health epidemiologist Dr. Nicole Iovine says a highly mutated flu strain is driving increased cases in Alachua County and reducing vaccine effectiveness. Florida is experiencing record-high flu cases this season, driven by a new vaccine-resistant variant. The new strain, subclade K, has an unusually high number of mutations, reducing vaccine effectiveness. Hospitals in Alachua County report an increas... [3208 chars]",1
"Experts Identify Four Viruses That Could Become 'Disease X' and Spark Next Pandemic Health experts warn that mpox, rubella, bird flu and Oropouche could spark the next pandemic as vaccine rates plummet globally and the UK remains unprepared. The global health community has issued a stark warning: the world is 'edging dangerously close' to a pandemic for which it remains fundamentally unprepared. As public health infrastructure buckles under the weight of plummeting vaccination rates and ... [5904 chars]",0
"Vaccine Demand Dynamics: Navigating Uncertainty and Opportunity Sanofi's CEO Paul Hudson highlights a potential dip in U.S. vaccine demand due to misinformation and policy changes under the current administration. Despite vaccine benefits, hesitation among some parents and patients persists. Hudson foresees renewed interest through vaccine mergers, with flu-COVID combinations potentially boosting demand post-2027. Sanofi's CEO, Paul Hudson, announced on Wednesday that the United States may experience a slight decline in vaccine demand. This anticipated downturn is attributed to misinformation and increased scrutiny from the current administration, which has re... [873 chars]",-1
"Sanofi CEO says expects flu-COVID combo vaccines in 2027-2028 to drive next surge in vaccine uptake Sanofi CEO says expects flu-COVID combo vaccines in 2027-2028 to drive next surge in vaccine uptake ... Trader This super rating is the result of a weighted average of the rankings based on the following ratings: Global Valuation (Composite), EPS Revisions (4 months), and Visibility (Composite). We recommend that you carefully review the associated des... [1103 chars]",0
"RFK, Jr.’s New Kids’ Vaccine Guidelines Will Worsen Flu and Other Winter Illnesses, Experts Say Robert F. Kennedy, Jr.’s Centers for Disease Control and Prevention has slashed childhood vaccine recommendations in the middle of respiratory virus season Cases of winter viruses in the U.S. have exploded in recent months—and soon kids may be less protected from them, thanks to new vaccine guidelines. Amid a worsening respiratory illness season, the Centers for Disease Control and Prevention recently r... [6079 chars]",0
"Chinese firm Sinovac to supply vaccine to Chile ahead of flu season Chilean government procures doses of the jab from China for a second year in a row, with nationwide immunisation campaign to begin in March. Chilean government procures doses of the jab from China for a second year in a row, with nationwide immunisation campaign to begin in March Reading Time:2 minutes Why you can trust SCMP Published: 8:00pm, 13 Jan 2026Updated: 3:18am, 14 Jan 2026 The C... [1451 chars]",0
"Editorial: Take precautions, including the vaccine, to guard against flu The vaccine, along with commonsense precautions, can go a long way toward making even this year’s flu more a miserable inconvenience than a life-threatening illness. This season’s flu is lurking right around the corner. Even if you’ve done the right thing and had the flu shot. Even if you haven’t had the flu for years. Don’t make the mistake of taking this virus lightly. The main strain making the rounds is virul... [3591 chars]",0
"We're Playing Vaccine Politics, Healthcare Roulette Flu is raging out of control. More people are getting sicker. Children are getting hit hard. Seniors are ending up in the hospital. People are dying. What to do? I thought I was reading something wrong. The same story had two ""headlines"" on the screen. One announced that the flu season surged in the United States over the holidays and already rivals last winter's harsh epidemic. The other — the caption for th... [3400 chars]",0
Moderna says US refusing to review mRNA-based flu shot Moderna said the rejection was “inconsistent with previous written communications”. Read more at straitstimes.com. NEW YORK - Vaccine manufacturer Moderna said Feb 10 the US Food and Drug Administration was refusing to review an application for its first mRNA-based flu shot. The move comes as the current iteration of the FDA has called for a reconsideration of ap... [2482 chars],-1
"In rare move, FDA rejects Moderna’s filing for mRNA flu shot The news is the latest sign of the FDA’s heightened scrutiny of vaccines under Health Secretary Robert F. Kennedy Jr. WASHINGTON — The U.S. Food and Drug Administration is refusing to consider Moderna’s application for a new flu vaccine made with Nobel Prize-winning mRNA technology, the company announced Tuesday. The news is the latest sign of the FDA’s heightened s... [2891 chars]",-1
"Moderna says FDA refuses to review application for flu shot Moderna said the move is inconsistent with previous feedback from the FDA on the experimental influenza shot, called mRNA-1010. The Food and Drug Administration refused to start a review of Moderna 's application for its experimental flu shot, the company announced Tuesday, in another sign of the Trump administration's influence on tightening vaccine regulations in the U.S. M... [2655 chars]",-1
"The unexpected benefit of getting your annual flu shot The number of Americans who are getting vaccinated for any respiratory illness is falling Getting your flu shot could significantly lower your odds for a heart attack, according to researchers. Vaccination against influenza is associated with a whopping 18 percent reduction in the odds of the cardiac event compared to people who were unva... [3374 chars]",1
"Flu shot 2026: What to expect, timing, and effectiveness Doctronic reports the 2026 flu shot targets prevalent strains, with early fall recommended for vaccination to ensure effective protection. 2025 ZikG // Shutterstock Every year, flu vaccines are updated to match the flu viruses expected to circulate. For 2026, the vaccine focuses on several influenza strains that research predicts will be most prevalent. This includes both influenza A an... [7935 chars]",1
"Nudges to clinicians and patients increase the rate of influenza vaccination Patients were 28 percent more likely to get a flu shot when they got a text message reminder and their primary care provider already had an order for the shot waiting, new research from the Perelman School of Medicine showed. Patients were 28 percent more likely to get a flu shot when they got a text message reminder and their primary care provider already had an order for the shot waiting, new research from the Perelman School of Medicine showed. The study was published ... [3334 chars]",1
"Combined patient and clinician nudges increased flu vaccination rates by 28% Patients were 28% more likely to get a flu shot when they got a text message reminder and their primary care provider already had an order for the shot waiting, new research from the Perelman School of Medicine showed. The study was published in JAMA Internal Medicine. Patients were 28% more likely to get a flu shot when they got a text message reminder and their primary care provider already had an order for the shot waiting, new research from the Perelman School of Medicine showed. The study was published in JAMA... [3056 chars]",1
"Is the flu shot linked to dysphonia? Here's what the science says The U.S. health secretary told USA Today that he believed the flu jab was a “potential culprit that I cannot rule out” for his spasmodic dysphonia Long time vaccine skeptic U.S. health and human services secretary Robert F. Kennedy, Jr., reportedly believes routine flu vaccines may have triggered his spasmodic dysphonia—a neurological condition that affects the vocal cords and a person’s abilit... [2669 chars]",0
"Can the flu shot actually give you influenza? Doctors set the record straight Nearly 30% believe flu shots cause influenza, but experts say this is impossible. Learn why vaccines trigger side effects and how to tell the difference. NEWYou can now listen to Fox News articles! Some surveys have shown that nearly 30% of people believe getting a flu shot can actually cause influenza. This belief is likely due to common side effects linked to the vaccine, including headache, fever, ... [3471 chars]",0
"Vitamin D: Your Natural Defense Against Winter Illness and Pharmaceutical Deception Introduction: The Forgotten Hormone They Don’t Want You to Understand As winter tightens its grip across the Northern Hemisphere, a predictable and profitable cycle begins: public health officials warn of rampant respiratory infections; advertisements urge you to get your flu shot before it’s ‘too late’; and the multi-billion dollar pharmaceutical industry prepares for another seasonal […] Introduction: The Forgotten Hormone They Don't Want You to Understand As winter tightens its grip across the Northern Hemisphere, a predictable and profitable cycle begins: public health officials warn of rampant respiratory infections; advertisement... [8604 chars]",0
"Flu season in a lull, but Berks experts warn it could worsen soon Experts warn that the flu season is far from over and anyone who hasn't gotten a shot still has time to get one. For information on submitting an obituary, please contact Reading Eagle by phone at 610-371-5018, or email at obituaries@readingeagle.com or fax at 610-371-5193. Most obituaries published in the Reading Eagle are submitted through funeral homes and c... [6267 chars]",0
"EDITORIAL: Influenza’s ups and downs Once again, we find ourselves in the middle of the yearly malady of flu season. Things won't ease up until the temps start rising again. (Hint: It's not too late to get a flu shot.) Once again, we find ourselves in the middle of the yearly malady of flu season. Things won't ease up until the temps start rising again. (Hint: It's not too late to get a flu shot.) The Arkansas Department of Health reported 10 influenza deaths over ... [2002 chars]",-1
"US mixed messaging on flu shots alarms experts: ‘Children should not be dying’ As hospitals scramble and country reaches record-breaking rates of illness, officials cast doubt on flu shot’s necessity As the US reaches record-breaking rates of illness and hospitals scramble to care for flu patients, officials have stopped fully recommending the flu shot, casting doubt on the necessity and effectiveness of the vaccine. “We are in the midst of a ver... [6828 chars]",-1
"Flu Symptoms in Kids Can Turn Deadly Fast. Know These Signs, Doctors Say Amid a severe flu season, the CDC ends its universal flu shot recommendation for kids. Experts explain why this is dangerous for children. The United States is facing one of its most severe flu seasons in decades, data show. Infections and hospitalizations are surging, driven by a new mutated influenza A variant, H3N2 ""subclade K."" Experts warn that flu activity could keep raging for we... [8321 chars]",-1
"Shots - Health News The Centers for Disease Control and Prevention dropped its advice that kids get an annual flu shot at a time when flu cases and hospitalizations are surging. Every year, Dr. Molly O'Shea's pediatric practices would hold drive-thru clinics in the parking lot to make it as easy as possible for busy parents to quickly get their kids their annual flu and COVID-19 shots. ""We would do big flu clinics. You know,... [4609 chars]",-1
"This year’s flu shot may be more effective than researchers thought - even as cases across the US are rising This is America’s worst flu season in more than two decades with more than 15 million illnesses and 7,400 deaths reported This year’s flu vaccine may be more effective than experts previously believed. People who got the shot had measurable protection from severe illness, researchers at the University of Pennsylvania said in a recent article that has yet to be peer-revi... [3818 chars]",-1
"Why is this flu season so bad? Here’s what to know about the best way to protect yourself from the worst flu symptoms this year, and why you should still get a flu shot even if it’s not a great match to variant K. If this cold and flu season seem especially sneezy-coughy-fevery to you, it is not your imagination. Flu is surging in 45 states and outpatient doctor visits for flu-like symptoms are the highest they’ve been since we started keeping track of the dat... [5329 chars]",-1
"Is it too late to get flu shot as NJ cases surge? New Jersey and the U.S. are enduring the worst flu season in years and vaccination rates are historically low. The first shipments of the 2025-26 influenza vaccine began arriving in pharmacies and doctors' offices more than four months ago when summer was winding down, the weather was warm — and flu was the last thing on most New Jerseyans' minds. Now as New ... [2152 chars]",-1
"Is it too late to get flu shot as NJ cases surge? New Jersey and the U.S. are enduring the worst flu season in years and vaccination rates are historically low. The first shipments of the 2025-26 influenza vaccine began arriving in pharmacies and doctors' offices more than four months ago when summer was winding down, the weather was warm — and flu was the last thing on most New Jerseyans' minds. Now as New ... [2152 chars]",-1
"FDA's Vaccine Policy Shift Jolts Moderna Shares Moderna shares fell 10.3% following the FDA's refusal to review their influenza vaccine, highlighting shifts in U.S. vaccine policy. The FDA's decision, based on Moderna's chosen comparator vaccine, may prolong approval in the U.S. despite ongoing reviews in other regions, such as the EU and Canada. Shares of Moderna plunged by 10.3% in premarket trading on Wednesday after a setback from the U.S. Food and Drug Administration. The regulatory body declined to review the pharmaceutical company's new influenza vaccine application, reflecting signifi... [698 chars]",-1
"Moderna shares fall after FDA refuses to review influenza vaccine application The FDA said in its refusal letter that the company's approach to compare mRNA-1010 to an already licensed standard-dose seasonal influenza was the only reason why it declined to initiate a review of the application. The US Food and Drug Administration has declined to review Moderna's approval application for its novel mRNA flu vaccine, causing a fall in the company's shares on late Tuesday. Moderna on Tuesday said in a statement that the FDA had declined the app... [3116 chars]",-1
"Health Headlines: FDA's Rebuff, Weight Loss Pill Breakthroughs, and Vaccine Woes This news brief covers the FDA's decision not to review Moderna's influenza vaccine application, Kailera and Hengrui's promising weight loss pill trial, and CSL's financial decline following CEO resignation. Also mentioned are CVS Health's positive financial forecast, Bally’s concerns about Incyte's revenue predictions, and other significant health sector updates. The U.S. Food and Drug Administration has opted not to review Moderna's influenza vaccine application, causing the company's stocks to fall by 8% in after-hours trading. This decision stemmed from Moderna's comparison of its new vaccine candidate to ... [645 chars]",-1
"Moderna, Inc.: Moderna Receives Refusal-to-File Letter from the U.S. Food and Drug Administration for Its Investigational Seasonal Influenza Vaccine, mRNA-1010 Refusal to review the submission is inconsistent with feedback at pre-Phase 3 and pre-submission consultations; Moderna has requested a Type A meeting to understand the path forwardmRNA-1010 has been submitted Refusal to review the submission is inconsistent with feedback at pre-Phase 3 and pre-submission consultations; Moderna has requested a Type A meeting to understand the path forward mRNA-1010 has been submitted and accepted for review in the EU, Cana... [9563 chars]",0
"Moderna says US FDA refuses to review its influenza vaccine Moderna said on Tuesday the U.S. Food and Drug Administration will not review its approval application for its influenza vaccine, sending shares of the company down 8% in aftermarket trading. The FDA in its letter said the company's choice to compare mRNA-1010 to an already licensed standard-dose seasonal influenza was the sole reason for the refusal to initiate the review of Moderna's application. Sign up here. Specifically, the letter c... [610 chars]",-1
"FDA refuses to review Moderna’s influenza vaccine The decision could raise concerns about the agency’s posture toward vaccines and drug approvals The Food and Drug Administration refused to review Moderna’s application for a new influenza vaccine, the company said Tuesday, a surprise decision that could raise concerns about the agency’s posture toward drug companies and the Trump administratio... [617 chars]",-1
"Antigen flexibility supports the avidity of hemagglutinin-specific antibodies at low antigen densities Author summary Influenza viruses package high densities of the surface protein hemagglutinin (HA) into the viral membrane during assembly. This promotes viral attachment and entry into host cells by enabling multiple parallel interactions between viral HA and cell surface sialic acid. However, high densities of HA on the viral surface may also increase viral susceptibility to antibodies whose avidity is enhanced by the availability of multiple HA binding partners. We examined how the density of HA on the viral surface influences the binding of bivalent IgG antibodies that depend on engaging multiple HAs for robust attachment. Using fluorescence-based measurements on authentic and synthetic viruses, we find that reducing HA densities to 10% of their natural levels is not sufficient to disrupt antibody avidity. Additionally, we find that flexibility of the HA anchor may facilitate bivalent antibody binding by allowing HA to tilt relative to the membrane. These findings highlight how both the organization and dynamics of viral surface proteins can influence immune recognition and may inform strategies for antigen presentation in vaccine design. Introduction Influenza A viruses (IAVs) cause seasonal epidemics and occasional pandemics with global mortality in the hundreds of thousands to millions each year [1–4]. Influenza virions are covered with a dense arrangement of the spike proteins hem... [39833 chars]",0
"How the CDC prepares influenza vaccines for pandemics CDC scientists outline the comprehensive methodology involved in the development of influenza candidate vaccine viruses. Inside the rigorous, step-by-step process the CDC uses to create pandemic-ready flu vaccine viruses, long before the next global health emergency strikes. Study: Development of pre-pandemic influenza candidate vaccine viruses for use in vaccine manuf... [4577 chars]",0
"Need for including influenza vaccine in adult immunisation drive stressed Influenza vaccination is essential for the elderly to reduce healthcare costs and prevent severe respiratory infections and complications. With the elderly population in Kerala projected to rise from the present 18.7% to 23% by 2036, the State took a very important step towards adult immunisation, setting aside ₹50 crore in the latest State Budget for vaccinating the poorer sections amo... [2820 chars]",0
"Influenza and whooping cough vaccines safe in twin pregnancies Women who receive the influenza or whooping cough vaccine during a twin pregnancy do not face a higher risk of birth complications, University of Queensland researchers have found. The study—which showed 72% of women pregnant with twins were unvaccinated against influenza and whooping cough—has found the vaccines are safe and do not increase the risk of preterm birth, stillbirth or small-for-gestational-age infants. The study is published in the BJOG: An International Journal of Obstetrics & Gynaecology. Women who receive the influenza or whooping cough vaccine during a twin pregnancy do not face a higher risk of birth complications, University of Queensland researchers have found. The study—which showed 72% of women pregnant with twins were unvaccin... [2908 chars]",0
"Vaxcyte Advances Adult and Infant Programs for VAX-31, a Potential Best-in-Class, Next-Generation Pneumococcal Conjugate Vaccine VAX-31 Adult Indication: Vaxcyte Doses First Participants in Phase 3 Study Evaluating Concomitant Administration of VAX-31 and Seasonal Influenza Vaccine (OPUS-2) and Expects to Initiate Phase 3 Study in Adults Previously Vaccinated with Pneumococcal Vaccines (OPUS-3) in First Quarter of 2026 VAX-31 Adult Indication: Vaxcyte Doses First Participants in Phase 3 Study Evaluating Concomitant Administration of VAX-31 and Seasonal Influenza Vaccine (OPUS-2) and Expects to Initiate Phase 3 Study in Adults Previously Vaccinated with Pneumococcal... [20580 chars]",0
"Vaxcyte Advances Adult and Infant Programs for VAX-31, a VAX-31 Adult Indication: Vaxcyte Doses First Participants in Phase 3 Study Evaluating Concomitant Administration of VAX-31 and Seasonal Influenza Vaccine... VAX-31 Adult Indication: Vaxcyte Doses First Participants in Phase 3 Study Evaluating Concomitant Administration of VAX-31 and Seasonal Influenza Vaccine (OPUS-2) and Expects to Initiate Phase 3 Study in Adults Previously Vaccinated with Pneumococcal... [20584 chars]",0
"Four US childhood vaccine recommendations: How have they changed? The Trump administration has rolled back decades-old guidance recommending routine childhood vaccination against influenza and three other infectious diseases, saying their use should instead be decided between parents and healthcare providers. Jan 22 (Reuters) - The Trump administration has rolled back decades-old guidance recommending routine childhood vaccination against influenza and three other infectious diseases, saying their use should instead be decided between parents and healthca... [5009 chars]",0
"How four US childhood vaccine recommendations have changed The Trump administration has rolled back decades-old guidance recommending routine childhood vaccination against influenza and three other infectious diseases, saying their use should instead be... Trader This super rating is the result of a weighted average of the rankings based on the following ratings: Global Valuation (Composite), EPS Revisions (4 months), and Visibility (Composite). We recommend that you carefully review the associated des... [1103 chars]",0
"Heidi Stevens: Stripping science from vaccine schedule chips away the American Dream of a better future for our children Now, under a dramatic overhaul of the childhood vaccine schedule, the CDC will no longer recommend universal vaccination against meningitis, nor against rotavirus, hepatitis A or influenza. By Heidi Stevens, Tribune News Service In February 2011, I was hospitalized with meningitis. It was scary and painful and it left me with lasting heart damage — a pericardial effusion, specifically, which means there’s a sac of fluid around my heart.... [4749 chars]",0
"Travelling to the Olympics? How visitors can stay healthy during the Milan-Cortina games From flu vaccination to food safety: health tips to have a safe stay in Italy during the Olympic Games The Winter Olympics 2026 kicked off in Milan and Cortina. From 6 to 22 February, thousands of visitors from around the world will travel to Italy to cheer on their teams. As crowds gather, experts remind travellers to take a few health precautions to... [2221 chars]",0
"Why aren't more older adults getting flu or COVID-19 shots? This winter's brutal flu season isn't over, and COVID-19 cases have risen recently too. But a new poll taken in recent weeks shows that vaccination against both viruses lags among people 50 and over, and the national survey reveals key reasons why. This winter's brutal flu season isn't over, and COVID-19 cases have risen recently too. But a new poll taken in recent weeks shows that vaccination against both viruses lags among people 50 and over, and the national survey reveals key reasons why. I... [7676 chars]",0
"Poll: Many adults over 50 skip flu and COVID vaccines This winter's brutal flu season isn't over, and COVID-19 cases have risen recently too. But a new poll taken in recent weeks shows that vaccination against both viruses lags among people 50 and over, and the national survey reveals key reasons why. This winter's brutal flu season isn't over, and COVID-19 cases have risen recently too. But a new poll taken in recent weeks shows that vaccination against both viruses lags among people 50 and over, and the national survey reveals key reasons why. I... [8160 chars]",0
"Flu Outbreak Turns Deadly: 52 US Children Dead, Unvaccinated at Risk At least 52 children have died from the flu in the US this season, with over 90 per cent unvaccinated, according to the CDC. Flu cases are rising again, driven mainly by H3N2. Pediatric hospitalizations are at a 15-year high, as falling vaccination rates raise concern ahead of the season’s peak. , Health, Times Now Flu Outbreak Turns Deadly: 52 US Children Dead, Unvaccinated at Risk At least 52 children have died of the flu so far this season, with over 90 per cent not receiving the flu shots, the Centers for Disease Control and Prevention has reported. “We are... [3218 chars]",-1
"Alarm raised over vaccination rates in twin pregnancy Pregnant women expecting twins are being encouraged to get the flu and whooping cough vaccines as they do not increase the risk of birth complications. Women pregnant with twins are being urged to take up vaccinations for whooping cough and influenza, with assurances they won't lead to higher risks of birth complications. Vaccinations during pregnancy can help protect babies once they are born and m... [2984 chars]",0
"Alarm raised over vaccination rates in twin pregnancy Pregnant women expecting twins are being encouraged to get the flu and whooping cough vaccines as they do... More than 70 per cent of women carrying twins are not vaccinated against whooping cough or the flu. Photo: Jane Dempster/AAP PHOTOS Women pregnant with twins are being urged to take up vaccinations for whooping cough and influenza, with assurances th... [5539 chars]",0
"Healthy teens are dying from the flu. Families urge vaccination. If you think only the elderly die from flu, think again. These families share stories of losing their 16-year-old loved ones to the virus. Destiny Mojica always had a smile on her face. She loved baking, had a soft spot for animals and could often be found perfecting her makeup and nails. Though she could be shy at first, she enjoyed helping others and her radiant personality shined onc... [7007 chars]",0
"Flu vaccination rates lag in Hong Kong as winter peak nears, expert warns Expert David Hui reminds public to get vaccinated ahead of Lunar New Year. Hong Kong’s flu vaccination rates among most age groups are below the 70 per cent threshold needed for herd immunity even as the winter influenza season approaches, a leading government medical adviser has warned. Professor David Hui Shu-cheong, chai... [1079 chars]",0
"Heart Disease Deaths Drop 2.7% But Remain Top Cause Of Death In US Other public health news is on measles in Utah, flu vaccination rates among older Americans, Robert Kennedy Jr.'s national “Take Back Your Health” tour, and more. Other public health news is on measles in Utah, flu vaccination rates among older Americans, Robert Kennedy Jr.'s national “Take Back Your Health” tour, and more. ABC News: Heart Disease Fatalities Drop But Are Still Leading Cause Of Death In The US:... [3448 chars]",-1
"Leicester way behind national average for flu vaccinations as 'atrociously bad' figures revealed Just 59.7 per cent of residents aged 65 and over received a flu vaccination Just 59.7 per cent of residents aged 65 and over received a flu vaccination Leicester is falling significantly behind the rest of the country on flu vaccination rates, according to latest figures, with one councillor labelling the situation as “atroc... [2470 chars]",0
"Why flu vaccination matters for pregnant women: Protecting two lives at once One of the most underestimated health risks for expectant mothers is seasonal influenza, or Flu. “A woman’s body responds differently to infections du. One of the most underestimated health risks for expectant mothers is seasonal influenza, or Flu. “A woman’s body responds differently to infections during pregnancy. If a pregnant woman gets the flu, she is at a higher risk of developing complication... [4248 chars]",0
"NC health experts urge vaccination following flu-related deaths Flu in NC is widespread right now, and state health officials say they’ve seen an uptick in flu-related deaths in the first two weeks of January. You probably know someone who’s gotten sick since the holiday season in December. Flu in North Carolina is widespread right now, and state health officials say they’ve seen a significant uptick in flu-related deaths in the first two weeks of January.... [2588 chars]",-1
"Why flu shots matter in polluted cities: Dr Randeep Guleria at Pollution Ka Solution Conclave At India TV's Pollution Ka Solution Conclave, Dr Randeep Guleria explains why pollution is now a health emergency. From indoor exercise and air purifiers to adult vaccination and lung cancer risk, here's what truly helps protect lungs in high-AQI cities. New Delhi: At India TV’s Pollution Ka Solution Conclave in New Delhi, one message landed with the force of a deep breath in clean air: Pollution is no longer just an environmental crisis; it is a full-blown health emergency. Addressing the audience, ... [5228 chars]",1
"With flu ‘very high’ statewide, Springfield officials cite low vaccination rates Four children have died of the flu in the eastern part of the state. SPRINGFIELD – With rates of flu statewide listed as “very high,” city officials issued concerns this week about the low vaccination rate across Hampden County. This season a total of 66 people statewide have died from the flu, including four children... [2152 chars]",0
"Flu cases decline in London-area, data suggest the worst may be over The decline could continue with good hand hygiene, staying home when sick and vaccination, an MLHU physician said. Article content After a respiratory season that began with a surge in influenza cases, the Middlesex-London Health Unit says provincial projections indicate the worst of this year’s flu infections may be over. THIS CONTENT IS RESERVED FOR SUBSCRIBERS... [4534 chars]",0
"Flu cases are surging across Mass. Have you gotten sick? As hospitalizations climb and Boston opens free vaccination clinics, we want to hear how this flu season is affecting you. As hospitalizations climb and Boston opens free vaccination clinics, we want to hear how this flu season is affecting you. Flu cases are surging across Massachusetts — and the spike has been fast and severe. State health officials say flu activity ha... [2056 chars]",0
"Hajj pilgrims to be vaccinated through 80 centres Pilgrims intending to perform the Holy Hajj this year are to be vaccinated against meningitis and influenza through 80 vaccination centres in the country under the government initiative, an official statement said here on Sunday. “The religious affairs ministry today... Pilgrims intending to perform the Holy Hajj this year are to be vaccinated against meningitis and influenza through 80 vaccination centres in the country under the government initiative, an official statement said here on Sunday. “The religious affai... [1380 chars]",0
"Pregnant woman feared she'd never walk again after paralysis followed flu jab Jade was left only able to move her head, couldn't feel her baby as was told she may need an emergency C-section Jade was left only able to move her head, couldn't feel her baby as was told she may need an emergency C-section A pregnant mum feared she'd never be able to hold her baby or walk again when she was left paralysed after having her flu jab. Jade Warei... [6367 chars]",-1
"The flu is everywhere. So why aren’t Canadians getting vaccinated for viral illnesses? Despite overwhelming research showing that flu vaccines keep people out of hospital, fewer Canadians are getting vaccinated. Trust isn’t the only factor keeping people from getting the jab. The death of Prashant Sreekumar made headlines across Canada when the 43-year-old father of three died in the emergency room of Edmonton’s Grey Nuns hospital after waiting for eight hours with chest pains. Recently, there have been other reports of p... [5201 chars]",-1
"Full list of people who can get free flu jab as virus continues Influenza cases are surging throughout the UK with the majority of infections linked to an emerging strain as health professionals urge eligible groups to get vaccinated Influenza cases are surging throughout the UK with the majority of infections linked to an emerging strain as health professionals urge eligible groups to get vaccinated Influenza cases are soaring across the UK, with most infections attributed to th... [3298 chars]",0
"Six people eligible for free flu jab following new strain A wide variety of people could be eligible for a free flu jab to help protect against an emerging strain, putting pressure on some health services Flu cases are rising across the UK, with most infections attributed to the emerging H3N2 strain - also referred to as subclade k. Latest figures from the UK Health Security Agency (UKHSA) reveal that flu transmission has now hit 'medium' levels of ac... [4005 chars]",0
"Children's flu jab uptake in North West hits worrying low, figures show Those eligible have been urged to 'protect themselves' and get vaccinated this winter Those eligible have been urged to 'protect themselves' and get vaccinated this winter The North West has some of the lowest flu vaccination rates among children in England, according to figures by the UK Health Security Agency (UKHSA). It comes has h... [3889 chars]",0
