commentId,text_clean,label
UgwbA7EAYiTmjErqFuR4AaABAg,"Im 65, 13 yrs on a plant based nutrition and dont want more vaccines. I've never gotten vaccinated for the flu. My inmunne system is high. So no thanks.",-1
UgyHj9ss6hxTO9lrA6h4AaABAg,I don't flu shots and I'm not getting the kungflu shot either.,-1
UgzVWMOduZCEdJCjD-t4AaABAg,Btw I got one today,0
Ugx6zKksxTPzo8SCYod4AaABAg,"I mention influenza A and B briefly in this video — you might be wondering... what about Influenza C? And D? Well, it’s true that a truly universal flu vaccine would mean covering those too, but influenza C is generally very mild and is not thought to cause epidemics. And Influenza D? Well, that one is typically only found in cattle and unlikely to affect humans at all. You can read more about the types and how they’re defined here on the CDC’s website: -Kim",0
Ugzkr3_ApPelLNwaGLB4AaABAg,"Scientists lost to ""Coronavirus""",0
UgxkGCE8RuGudd1Bvdp4AaABAg,"Had the flu really bad about 15 years ago, haven't missed a shot since, also haven't had the Flu since.",1
UgwciFimpfDGVh4z8HN4AaABAg,So I’m battling my excess weight at the moment and I’m still overweight ( but not obese) I don’t want a flu shot. Should I get one at 71?,0
UgxbNWthcIAsM7b48lF4AaABAg,The bitch that gave me and my brother a shot today did it so fucking slow. :| *it kinda hurts X_X*,0
UgzWPpDVbNywVxspExx4AaABAg,Thank you. 👏🏾,1
UgwY9Wcx2TznpRPD3pB4AaABAg,"My mom is 67...while married she got the flu vaccine for years and get dog sick every single time. Last yr she got divorced and moved in with us, I didn't take her for this shot...last yr was the first yr she never got sick! So no I'm sorry...I think this flu vaccine is nonsense 😊",-1
UgyzsoztA5Y7MYacNAt4AaABAg,"I receive flu vaccines yearly because I'm aware that there are different strains, mutations. But, for the first time ever, I had a severe reaction last year. Now, I'm afraid. Maybe, material used to create vaccines changed??? Or, it's because I received flu vaccine and pneumocacal together. Mmmmm",0
UgxbiVJ198p_m27R7EZ4AaABAg,"When my son was 6 years old he yelled in the middle of the night crumpled on the floor, “MOMMY I CANT WALK!!!”;His dad and I swooped him up up and rushed to the emergency room, his body now limp in my arms. I swore he had something like polio or meningitis! The dr told us that he had the flu. I asked WHAT THE HELL KINA FLU IS THIS?. he replied, the real flu. This is influenza! he was in hospital for seven days getting hydration because the fever was so high and was sick for fifteen days straight. Ever since since he was a child HE ASKS to get the flu shot. We all so in my family. I never saw anything like it!",1
Ugw225xsevEbHyfJsrd4AaABAg,"I am happy i got flue shot ,never ever get cold amd caught, ots been 4 years now,goobye cold and caught ❤",1
UgwRZsgTagLr9O53gMV4AaABAg,"Why is the man getting a flu shot after he had already contracted the flu ⁉️ Are our doctors even taking immunology courses anymore ⁉️ It's basic immunology: if you contracted the disease and recovered, then you are immune to it for a period of time and the immunity is superior to that from vaccines.",0
UgwryWtCPl8XnZcNXSV4AaABAg,Shout out Antioch charter academy 2 . Its my birthday today it woild mean a lot we watch your episodes even in quarantine,0
Ugxc-kIFX00ysF3uR6N4AaABAg,Great news! Thanks for the update!,1
UgzQN7xtja6-_QXWgyR4AaABAg,Yes it can make you sick. We are very sick.,0
UgzCsK-3FAzIznhOsxh4AaABAg,"I broke down and had a flue shot 15 years ago. Spent the better part of a week flat on my back with the flue. Never again. Survived Covid as did my wife, children and grandchildren.The only one that got sick was a son-in-law who had to get the shot for work. Nothing beats a healthy fully functioning immune system.",-1
UgypLZz3GZZTdEt8SVd4AaABAg,Hi I had the flue jab and I got the flue 3 days later was very ill had to see the Doctor who gave me steroids and later Antibiotics.I have Asthma and a week chest ended up in hospital for a day .I will never ever have a flue shot ever ever again.,-1
UgwyscapWFbFhOO-oql4AaABAg,I hate this administration sooooo much. 🤬😤,0
UgxNENckUhFELG20sRp4AaABAg,"That is true. All this time I thought I had the flu during my childhood and knew what it was until 2019. Something first started out with a cough and then day 2, I started getting muscle aches, then day 3 I was throwing up and fainting, and then day 4 I was near bedridden. If it was not for a call to a physician and a prescription of Tamiflu, I do not know how bad it could have gotten. The cough still remained for 2 months more. The common cold will almost always begin with a congested nose and then move down from the head to the nose/mouth area, and then to the lungs before it goes away. Two entirely different sicknesses.",-1
UgyoYzRrpPOZLqFW5mZ4AaABAg,Now mention all the other toxic ingredients in those jabs,-1
UgyHNHYTTY84mGCcrxR4AaABAg,I’m sure Big Pharma would not really be on board with this,-1
UgyWQEjo_XgfTPbvD594AaABAg,Bro it’s basically if you get a toothpick and then poke your self with it then Count to one or two seconds and then you’re done ✅,0
UgwOqd9CQ7b6qF2bZdd4AaABAg,Pure Bullshit ......... Don't take the flu shot,-1
UgzVJbku0AYuC5pabJV4AaABAg,"Pls, we all know why that happened. Thank you for the r keeping us posted",1
UgzXvhUnUxTHUQswKL14AaABAg,"It is pretty easy: natural sunlight, fresh food diet, clean, keep you hands away from your eyes. Haven't had influenza in ages. Never take shots. Those are a dangerous racket. Oh. And stay away from WHO. That alone could save your life.",-1
Ugw4a2r7lyEG-U0AYn14AaABAg,"I love Dr.Greger, but I'm not down with taking the vaccine. Specially the ones from two years ago😉 I rather stay healthy on a WFPB, work out, have a positive mind set and not live in fear.",0
UgwzDBkYWNC6PSDC_lp4AaABAg,I’m gonna throw up..,0
Ugx0MRrrLEu_7XqBahZ4AaABAg,All u need is taking vitamin d3 with k AND zinc.,0
UgwVOSXeDJ22sF2SHid4AaABAg,Scegliete di vaccinarvi su consiglio e quindi ogni anno! oppure non farlo mai. E stare bene grazie al vero e unico sano riequilibrio dell'organismo.,0
UgyavBS3Ao108C5RKEN4AaABAg,Me who hasn’t gotten a flu shot in years 🗿,0
UgyY5uoHEAzIUpW8POZ4AaABAg,Animal based vaccine = Good Animal based foods = Bad The beauty of conundrums.,-1
UgzQ-J64ENd05Mr2RE94AaABAg,"Constantly keep thinking to yourself ""I never get sick""",-1
UgxeSjNwp06qk-Wc8XB4AaABAg,Can your neck ache from the flu shot after 1 month??? 💚 O+,0
UgyeGkA8cVS45RZac3R4AaABAg,I got my last flu vaccine and any vaccine of any type when I was in nursing school and realized two years in a row I was incredibly sick after getting my flu vaccine. That was 42 years ago and I've never gotten the flu or a cold even SINCE.,-1
Ugw4CHSHQsWtbnFwP1R4AaABAg,Always lies...,-1
UgxEHcl8MWaHv94pLC94AaABAg,I hope that every one with positive responses to this have since had an awakening to the fact that it’s never good to have poison injected directly into your blood stream. If you only knew of all the added poisons in it apart from a bit of virus.,-1
UgxeFCzppsemdRIGFLV4AaABAg,"72 year female here. nine days ago, my husband came down with a nasty case of the flu. He still has the cough. He had taken a flu shot. On the other hand I did not get the flu shot, I take astragalus tincture every day, I eat Whole Foods, do not drink alcohol, I’ve been wiping down all of the high touch surfaces with Chloraseptic wipes, keep my hands washed, open the bedroom window wide during the day and cracked open at night, and I do not touch my face. Even after all of the exposure, I have not gotten sick. I’m saying this as I knock on wood.",0
UgzmTV5DSohKgAChSoB4AaABAg,We'd have a better match to flu strains if mRNA flu vaccines were used. It takes much less production time than for current flu vaccines.,0
UgzfNXxJvyFdzUIR27F4AaABAg,"It's just another facet of their overall grift, and while this will have life and death consequences they couldn't care less.",0
Ugyq37oK4E1gj2nt2GB4AaABAg,"2:28 ""When it's a good match, vaccinated individuals are about 60% less likely to catch the flu than people who aren't vaccinated, studies show."" The formaldehyde and aluminum salts doesn't seem worth it.",1
Ugxsm93gCnMbvfD9QWl4AaABAg,You’re right… I believe what you are saying as a Doctor because that for me is a huge factor that many tend to ignore…,0
UgwFem68jDpyD-zJDKx4AaABAg,"Missed my flu vaccine for the first time in years. Started Tamiflu today for the very first time. I always regret not getting it, but I live in a community where I have to basically keep my vaccination status a secret.",-1
UgzGUdqqQP7ooBwJEX54AaABAg,So your telling me I don't need to buy the flu shot. I just need to buy chickens,-1
UgxpdRW1srW_EKczdvN4AaABAg,Ive been taking the flu jab for 25 years and have had no problems except for the horns on my head and a drool of shaving foam leaking from my gluteus maximus .,0
Ugynoy_q6QLBY2r69wV4AaABAg,"One thing, when you said “it shouldn’t hurt” for me, that would be a lie, every time I take any type of shot, if I don’t use stuff that stop pain, I hurt to much I cry, and I fell from the top of my room (I was 3 and used the curtains to climb out of my bed, to the top of the roof) and broke a bone, and I didn’t cry or even whimper.",0
UgyYwY1iKawYojjXEaR4AaABAg,"lol, mRNA. We already see how effective it is against COVID variants",0
UgwkJO54xyhMkgt3GX14AaABAg,"Every year they just guess from what the flu virus is doing in the southern hemisphere? So they try to make a vaccine to mimic that. So they, like pretty much in western medicine are just guessing. The last time I got a flu shot two weeks after I was setting on a plane and came down with the flu. Now I was a medic in Germany and I worked with German docs who told me about a dr Simmons who believed we not only transmit the flu virus through our nose eye month but also through our ears. And H202 in our ears can kill those viruses. So I tried it many times in my life H202 and have stopped the flu virus in its tracks.o OK, I can hear it now you’re saying that is just crazy. I’ve heard it before. I also do not care to inject mercury Thimerosal into my body that is in these vaccines. Why take a chance. Or you could Just wash your hands? Peace",0
UgwvKoD8oU-imXnO4X14AaABAg,"I used to rely on flu shoot, but still get bad flu. Don’t trust on the flu shot anymore. For sure, flu shot can lower the immunity. Our body gave a free immunity and is the best source to fight any disease. Eat simple whole food, exercise, once a while doing fasting ,stay outdoor more often, gratitude and positive mind set will help you prevent and cure any diseases. Haven’t been sick for six years. Maybe search dr. Eric Berg’s videos to learn how to eat healthy and maintain good health. Be health, be safe friends.",-1
UgzHeMQzWU4VTRCSQFJ4AaABAg,Cool Story Bro 😂😂😂,0
UgxVNBwTaaO3LQwfAVN4AaABAg,"Another indicator of poor Mr. Clark's abysmal underlying health condition is the premature greying/whitening in his beard - at only 42 years old! If he were single, he wouldn't exactly be date bait. For the sake of his family, I hope he mans up and joins a proper exercise and diet program so he'll be with his loved ones long enough to help with grandchildren. Instead, he's sitting taking telephone calls, probably on paid time, trying to convince other people to take the flu shot. AND ""they"" got him to take a flu shot when he was still recovering from his near death experience in the hospital and presumably had enhanced immunity anyway. Does anyone smell medical malpractice/",0
UgzM4gDPIwl0V863bWp4AaABAg,FEAR MONGER,0
UgxWHVYxzWL0F3q41s54AaABAg,"It's gonna be real ironic when the next deadly influenza pandemic hits, and it's as bad as COVID, and the anti-vaxxers say ""bUt ItS jUsT tHe FLU!"" then drop dead.",-1
UgyytH128RzA9GBAmLx4AaABAg,"Read the insert, AIDS, Cancer, Infertility...",0
UgyqBpPzWnvP-sOi4Yd4AaABAg,"I feel like one day they'll just network our immune systems. I get a new virus, my immune system fights it, produces antibodies for it, and sends a message over the network to everyone else's immune systems to start producing antibodies for the virus if they don't already have them. Asta la vista, disease.",-1
UgyAJMNzUjXrN3ERJQN4AaABAg,"💊 I’ve launched a new channel — Alt Meds! It’s a pharmacist-led platform focused entirely on evidence-based alternative and natural medicine — where we separate science from marketing. 🌿 If you’ve trusted the research shared here, you’ll love the deep dives on herbal medicine, nutraceuticals, longevity compounds, and real human data. Join the new community built on one principle: Evidence, not influence. 👉 Subscribe to Alt Meds now: Thank you for your continued support — let’s keep advancing pharmacist-led, research-based education together. 🔬💚",-1
UgxpChkgCOMOhz1pqLp4AaABAg,How can you prove the flu shots prevents the flu ? I'll wait,0
Ugw8vs-pPrbRdJzwmBN4AaABAg,I guess im gonna get a flu shot in 7 grade,0
UgzXjZt6u2smSrN1qWp4AaABAg,I got the flu that year after the flu shot. There is a way,0
Ugz5Kes1dGoCJyO9u5V4AaABAg,"Ah another doctor pushing their own concoctions and saying ""trust me I know the science, the others are not telling you the truth but I am, here take my stuff it is better for you"". Sadly, you are just another influencer on Youtube that wants to convince others your smarter and know better. If you truly cared you would not sell your own products. Hey don't get vaccinated and promote others to follow, this earth has way too many people who are don't think for themselves. Good luck everyone else.",-1
Ugxr75a__tgqdTyBAed4AaABAg,"Got a shot faithfully for decades. Last 2 years had a significant adverse reaction. No help from the health authorities, so I have reluctantly skipped the shot.",0
UgwrQRiVURQdsfIeZDd4AaABAg,"Dr.Mike, one most common claims i want you to answer is the thought that too much vaccines will only weaken your immune system.",0
UgxROAb631y2_pJ4gdh4AaABAg,"Yes, please take double dose of flu-shot this winter. This planet needs to detox of stoopid dodos.",0
UgwgHZo6n_v4AH9MkU54AaABAg,Could you talk about this animal dewormer Fenben or what they make it sound in short. And its potential for novel cancer treatment. How many years before its going to be looked more closely at?,0
Ugyx1NDylAORMv6n0D14AaABAg,I am not against vaccines but I have to admit I haven't gotten a flu shot in over ten years and I hardly ever get sick,0
UgyZGyghOXtHK8MLxrJ4AaABAg,😮 and... someone insisted we take the jab,0
UgxFpbLcI2IwYWYUIgl4AaABAg,"Isn’t it funny how nobody died from the flu when they made up Covid? What a crazy coincidence that mortality rate stayed the same during the Covid period? Do not let them stick anything in you, ever. What a bunch of BS",0
UgwkQMrl7WfHAgz4rvV4AaABAg,"In the UK many GPs don't think thaprediabetes is serious. They often don't understand diet, and wait until somebody is fully diabetic. sadly.",-1
Ugjq-9F3c9MNoXgCoAEC,"Lol this video is the biggest load of crap, your literally just reciting the over and over pharmaceutical scientists properganda lies about the body, just cos they got lots of money and power doesn't mean these vaccines are safe, when you look at the statistics more people are getting sick and some even dying than the amount of lives saved.court cases have already finished and completed all on camera proving that some cause autism",-1
UgwkkjdH8I3rso97aJl4AaABAg,Oh right they didn’t consider which chicken diseases they’d be causing in humans like Bird flu???! How stupid are these people?,0
Ugz7wkmYKBBHH_tdzkR4AaABAg,Vaccines? Pffft I got essential oils that I rub on my kid and He looks gre- oh and he’s dead,0
UgwxN-igOWyPB3REvLR4AaABAg,"Everyone certainly has a choice whether or not to get vaccinated but I would STRONGLY suggest for everyone to do their own research and make an informed decision, using common sense. I have done my research and at this time I will not get any vaccine, for any reason, at any time. Bill Gates, a major vaccine pusher and population control advocate, has been booted out of India for giving a tetanus vaccine to teen girls/ women under 40 years of age. 150,000 of them are now sterile as a result. This is just the tip of the iceberg of the many things I found out. There's an agenda. Do your own research....",0
Ugz2rqdcxX_80I2obO54AaABAg,"I put my trust in God, healthy eating, drinking filtered water, gardening and STRONG my healthy and strong immune system. NO needles of any kind for me.",0
Ugx9JB8m0gkJoOyU3Vh4AaABAg,"I haven't had the flu for decades, without getting vaccinated. A month ago, I accepted flu and rsv vaccines. It made me slightly sick for 3 weeks. Coincidence?",0
UgzZqG1TdHFV6ZlC6rx4AaABAg,Doctor Mike binge 2019 💛,0
UgyksS_C5rRK9k2W28d4AaABAg,"Hi doctor mike I had a cold, then a respiratory infection, then I got influenza B, all in a month. My fever is 103.4, is this dangerous?",0
UgwuYHLGKqh2-rCwx_p4AaABAg,"Dr Mike:You need to get the flu shot Me:But,it hurts a lot",0
UgxDm-mjwvalpfZRXuB4AaABAg,I’ve never had the flu before but I’m very curious about it now,0
UgzI2nUZAdlrnpAR_cF4AaABAg,"And yet flu shots are still not recommended for people under 60 in Germany. Only for the chronically ill, but I am chronically ill and my pharmacy wouldn't vaccinate me because I'm under 60. The first step to getting people vaccinated would be to make the flu shot easily accessible and recommended everywhere.",-1
Ugw2eyUa6yzBM411LG54AaABAg,"The Navy pumped me full of vaccines with not any effort to determine what I had already had. When I got out, I decided that I had enough vaccines to last the rest of my life. I was 21 then and had no vaccine until the Covid shot was required by my employer. 52 years with only the covid shot. At 73, I am doing just fine, thank you very much.",1
Ugx9hbFEFJKLa_yW_L94AaABAg,i got a flu shot yesterday and it still hurts,0
UgwiJWqGaAejxw4XAEN4AaABAg,Thanks sir,0
Ugxe1K9GtRJLNFLWzux4AaABAg,The injections were laced with stuff that caused adverse effects that's why the inserts were intentionally left blank,0
UgxBMyFkGKpOW-M6ZeF4AaABAg,I almost died from a flu shot when I was 39 years old. I was hospitalized and I said NEVER AGAIN. Fast forward to the plandemic…..I got some sniffles and a light fever…..no shots ever. I walk EVERYDAY.,-1
Ugz6S-kg2lmCJ8GqPwB4AaABAg,Can you trust them??,0
Ugy3SSZOGlBjjM_ip_d4AaABAg,I took the COVID vaccine. Still got covid weather through the sickness of the vaccine then caught covid anyway. Got the flu shot I've got Flu. Done with both they don't work.,-1
UgycSJOtdp62ZjMFqCZ4AaABAg,"Stopped getting the flu shot at 18, and I have never have gotten the flu every year. I never run a high temperature when I get sick. My highest was 99.3 when I got Co\/id-19. And when I got the superflu a couple of weeks ago, I was running a 98.8. It's weird, because when I get sick with it, I don't run the normal high temperature.",-1
UgxqTTYBe8oQwgNRHcJ4AaABAg,"Very re, assuring vlog. 😂😂😂😂😮😮😮",0
UgxQocIswoQjTCsQ0-54AaABAg,Who owns the old vaccine?,0
UgybuNrfNi7A82zvxe54AaABAg,Tough situation predicting particular flu strains ....with so many travelers,0
UgxMPO7hpSjPBkybdXd4AaABAg,How do you fell about the shingles shingrix shot?,0
UgywDojeKELlGXlx4714AaABAg,You watch. Life expectancy will increase since pharma committed vaccine suicide.,-1
UgzCS6uR2E2pQXn95Vp4AaABAg,“Why companies continue to rack in billions of $ per year” fixed the title,0
Ugw-2CWucWyhF_Yjhol4AaABAg,SSM Health Cardinal Glennon Children’s Hospital please ban sick haters from commenting in this comments section,0
UgyDBK4B9sCXygRlQqh4AaABAg,Why they keep pushing people to get it????,0
UgzA9E2b6rU67M757nt4AaABAg,I will be getting mines ASAP,0
UgwjVJV7f2go5NP54kV4AaABAg,"Its true , we are seeing it all around us . We are not blind you jerk",0
UgzlF5Np39m0-JDZ9uJ4AaABAg,Medical professionals are part of the misinformation during the big C mass delusion. Damage has been done.,0
UgyXny7GJu0_syBZi994AaABAg,"I have not taken any vaccines for over 10 - 15 years. I tell my doctor im an anti vaxxer. Vaccines cause harm, they shouldnt even exist anymore.",-1
UgzmOCnBLxLeySWxuZV4AaABAg,"No gloves, no alcohol swab🤦🏼‍♀️",0
UgxWnhElxge6OjydW2B4AaABAg,Sometimes you can get like really sick after a flu shot and your arm hurts so bad so there is some extreme side effects,-1
Ugwd5JLaIAt61_VENZt4AaABAg,"I still have a cough and wheezing and lower rib pain from Influenza A that I got the weekend after Christmas 2025, 2.5 weeks ago. I had a fever as high as 103.5°F. It's true what they say about telling the difference between a cold and the flu: A cold may drag you down a bit, but the flu will make you shudder at the very thought of getting out of bed.",0
UgyJiNfN2FcIDBSnyNJ4AaABAg,"Thanks, Doc! 😎👍⚕️",0
Ugwu_sxUSxv-FVO3i-B4AaABAg,The bastard soiling the WH WILL receive Moderna's vaccine. This is the criminal's grifting interfering with any other stream of income other than what will line Trump's & cronies pockets. America is being controlled by CRIMINALS.,0
UgyFyTGGyOEPtM1CLKR4AaABAg,HAPPY 67TH COMMENT!!!🎉🎉🎉,1
UgyvLpX_kyEIHAiZ9bt4AaABAg,Oh my god im getting mine done soon the needles so big,0
Ugz8GXCMkEgrd0eyvjt4AaABAg,the animation is amazing,0
Ugz8RyIXXfQklbW7ajZ4AaABAg,"I mean…I literally got it, every single time though.",0
Ugy_Rc8yYks3l-1GLW94AaABAg,No vacancies required here's why.... the human body either by design or evolution has an amazing immune system take a look at the properties of the connective tissue. The connective tissue is electric magnetic and fibre optic conductive to bio active wavelengths we get from the Sun 🌞. Humans also have again either by design an evolution a awesome brain 🧠 to separate the bio active wavelengths leaving out the harmful wavelengths eg. UV. Blah blah blah we have photothearpy units delivering electrons directly to where the the human body needs them. Shielding the immune system is just one of many by-products another is cosmetic only side effects hair and finger nails grow back quicker than normal 🤯,-1
Ugy2OGfqsnXyadLWrcx4AaABAg,Because big pharma tells us to,-1
UgxP5BvSQLKfi4BW4qJ4AaABAg,"I can tell you, from childhood every year I expected to contract a flu infection, flu time was not a good time. This was the norm' until one year my usual expected annual flu infection knocked me down, I mean really knocked me down! After my recovery I promised myself to get an annual shot. For the last 25 years I have had the injection, I can tell you I have had the occasional nuisance winter colds and sniffles, but not once have I had influenza.",1
UgzNQvqf1JGWxAY38xx4AaABAg,"Irish lady had a Tetanus vaccine and was ill a few days later she contacted them and asked why, they said they included the covid19 vaccine with it, so anyone that trusts any NHS worker now is an idiot.",0
UgxjzynvNShHwjJv1o14AaABAg,I never had one and will never have one. Saw too many become ill after taking the flu shot. Good food is the best medicine.,-1
UgxAbQvnqMxCzcRFX2t4AaABAg,⁠Click like on this comment if you took mRNA booster even after FDA vaccine advisory panel included Paul Offit MD advised AGAINST approval of them and 2 expert doctors resigned in protest?,0
UgwHQBj5wxlMZ_NyoBJ4AaABAg,Mini,0
UgzPAd6L6bKrN3FaU614AaABAg,"I have never taken the flu shot. I have never had the flu. However, my coworkers who take it every year get sick missing weeks of work. NO THANK YOU!",-1
UgwSW7oEtUtsAIRnSnx4AaABAg,COVID-19 VACCINE IS THE NEW FLU SHOT,0
UgybsnnRxM2rHU4biMN4AaABAg,Hmmm .. I got the Vax too many times then got Sick from the Vax .. then got the flu shot and got the flu . ?!? And Got the Covid 2 times . I believe I will just do my Beat to be as healthy as as possible and Still Work full time .,-1
UgzfyuW672e5bMxIJtl4AaABAg,I got one but I didn’t get my Spider-Man sticker or a lollipop 🍭☹️,0
UgwOzEIAZ0voku9iMMd4AaABAg,To not get the flu Duh,0
UgyaA3fq4Xrgxplsc_d4AaABAg,The flu shot really isn’t as effective as other vaccines cos the flu changes so much. So it will be a pain in the ass for us forever.,0
UgzwBZSAbD_WTgeMhIl4AaABAg,1:20 nice animation lol,0
UgwnT5t3W7zNXylju8p4AaABAg,I didn’t get a flu shot this year lol.,0
UgzUBorGBJUVTzNnDVp4AaABAg,I love flu shots! I got one today but THAT IS NOT HOW THEY DANG PUT THE NEEDLE IN ME OMG XD but I dont like the pain after D:,1
UgwGsQShsQx0_B2lIJx4AaABAg,"Exactly my same experience. First year not getting one. Always felt crappy for a few days after the flu shot. No shot last year and haven't gotten one yet this year. No colds, no flu since stopping. I get frequent reminders from the Dr. office about being overdue on flu and covid shots. Starting to feel like self-serving guidance.",-1
UgzVlfn7Y4Vcm62Vmnd4AaABAg,I DON'T! HAHAHAHAHAHAHAHA,-1
Ugw3wbdBIgTUxULJojx4AaABAg,"Fifty years ago, I took a flu shot. I stopped because I didn't think it prevented illness, but NOW, since the mRNA BIOWEAPON of Covid Vax I AVOID ALL INJECTIONS OFFERED. I cannot trust them; the ""studies"" are not interpreted properly.",0
UgyjMU_XO6HpKIqlTDV4AaABAg,THAT'S MY EXTREME FEAR!!!!!!!!!!!!!,0
UgwSRty_1BSK4Wi8aF54AaABAg,Ooo i was really healthy He says. Got 2 pillows shoved up me front lol Body mass death mass 😮,0
UgwLHmu-GR7gp0ZRhpF4AaABAg,mRNA Covid vaxxes made me incredibly sick. I couldn't finish the boosters. I won't take an mRNA Flu shot for sure.,0
UgxXwH9_AUxhxYOTqwh4AaABAg,I guess we'll see if the strains they selected were the correct ones next fall/winter. I am less confident.,0
UgyrfndiPZXAYWomWHl4AaABAg,You’re a good doctor,1
Ugw8PCX3BhXhY6XLw3V4AaABAg,"""CDC takes vaccine safety very seriously.""",0
UgwLcGdJzNp4laROEbx4AaABAg,Thank you for this video. A colleague did not vaccinate her 4yr old. She got the flu and died. I just don't understand why people don't trust science. I get my flu shot every year as soon as it's available.,1
Ugx_YbN4AE5unYB8Xo54AaABAg,Man I got the flu last year? And it was the ONE TIME I didn't get my flu shot 🤢🤮🤒😷 its definitely not like a 24hr or even 3 day bug man. The flu is nasty I was sick for a whole month straight (symptoms for 3 weeks and it took another 2 weeks to recover completely). I knew when my fever came on and it was 102. I took an ibuprofen and fell asleep. It worked just about that long because when I woke up again it was right back up to 102 🤒🥵 and that was still just the fever the rest hadn't even come on yet. I had no idea what I was in for lol it was brutal,0
UgweOthmxsrWxOW8_dB4AaABAg,This is a shot that I never have nor will get.... PERIOD!,-1
Ugw30yjTDvM-R-_UQCd4AaABAg,I got my flu shot like a few month ago and i was just playing fortnite when my throat started hurting and i thought it would go away in like a day so i left it alone and it got worse and i got a fever and a sore throat and i got so weak i could barely lift my blanket off of me so i got a Doctors appointment and turns out i have the flu 1. But im getting better ❤,-1
Ugx45ACI3Gf1G9nHz4R4AaABAg,"Sometimes it seems to me that many members of the medical profession today get paid to prescribe certain pharmaceuticals. Perhaps that is why many are opposed to studies before prescribing new vaccines. I remember Covid, when many were forced to take the vax. The vax was too quickly formulated and the Pharmaceutical industry could not be sued if the vax hurt people. Some have died because of the effects of taking the Covid vax (which I refused to take). I agree the double blind studies should be required for all types of vaccines. I have only take the Flu vax once, which was when I was in the military and was required by order to take it. I am 76 hears old, and have been retired for 36 years and have not taken the vax since retiring. I have never had the flu and seldom have a cold.",-1
Ugx8MdydEmhnNwlIGpd4AaABAg,I got a flu shot once. And oddly enough that's the only time I ever had the flu. I'm 57 years old. So yeah I will never get another one,-1
UgwurxxyXnhotzdsz1N4AaABAg,"If it's so effective, why the mask?",0
UgwtwrvFe9q2nRA1a0V4AaABAg,Uh nope....,0
UgzpL3uLQ7amuQRb63t4AaABAg,"My grandma died from pneumonia secondary to influenza so we don’t play with flu vaccines in my family, we go every year!",0
UgxB0KUck5tKxpLl6uJ4AaABAg,What a dumb bitch.,0
UgzLHMfugDtk5W64Iyt4AaABAg,Vaccines are gross af,0
UgxBa78B1DsD053f33R4AaABAg,I've never EVER gotten a flu shot. Why would I? Sometimes I get sick. Oh well.,-1
UgxSLPQ8FSFU41NvvqB4AaABAg,CALL THE ANTI VAX MORONS TO COME LOOK AT THIS,0
UgyyWDZksjPrZWXpYjV4AaABAg,"The flu shot is pure bullshit. Wake up!! Every customer cured is a customer lost. Big hospitals, big doctors paycheque, big pharma all need big bucks and big suckers!!! Stop sucking!!!",-1
UgxOMihfAe1zTgroRKh4AaABAg,"James Coble middle school, Arlington, TX",0
Ugyl0LNI2HEOmVHxXqx4AaABAg,Does Moderna have concrete proof of their position? Take legal action.,0
Ugy86CjKA5WmsascGTF4AaABAg,Bro has the lid on,0
UgxUJG4xDoBajzQf3KF4AaABAg,I denied the flu shot years ago and most of my co workers got extremely sick and we were about to close down due to so many people out sick,0
UgyANvtprHIrfelklep4AaABAg,"*Lakeshore Middle School* *Grand Haven, Michigan*",0
Ugxz0ydy0pYGuK_810N4AaABAg,"From what I understand, pharmaceutical companies already need to do separate studies specifically for the US approval process because of arbitrary differences they have with the rest of the world's standards. This might just tip companies over into not bothering any more",-1
UgymUv5tvnEEXbv1kdh4AaABAg,Krammer talking about vaccines Worlds are collading jerry worlds are collading,0
UgydOdvOPGXygl9Eqfl4AaABAg,The flu is not even contagious… plenty of studies are out there,0
UgyCf34ErRRMX4MH0nl4AaABAg,UHhh,0
Ugz4RqpEJeJmS_EXz554AaABAg,"I find it funny how everyone is arguing about the shot, and I’m just here like, “Ha. I CANT get the flu shot.” XD",0
UgzTXOXbASVf0kdca014AaABAg,I haven’t got a flu shot for 3 or 4 years,0
Ugx430aAaySTEy3tJhF4AaABAg,Flu Shots are important for health,1
UgwcnObr1KqmNFXOEDV4AaABAg,NHS nurse here Sorry not in a risk group to even consider getting a flue jab. Sadly regret getting covid vaccination as qll those clowns threaten us being moved if not getting one,-1
UgyVGy6n9BFtv2HeWId4AaABAg,Never would I get another flu shot! It’s been over 10 years without one and my health has been better than ever I haven’t gotten sick in 3 years! The shot is a scam trust your natural immunity with natural herbs!,-1
UgwRbiMzxCuvUC85o6x4AaABAg,I’m a clinical pharmacist at a hospital and I agree totally. I have foregone the flu shot for years and they make you wear a scarlet letter on your badge stating you didn’t get it and make you wear a mask. Luckily I work nights 😂,-1
UgzntgJJpr19vN07sst4AaABAg,I’ve gotten sick almost every time I’ve gotten the vaccine. My sister got severely sick and stopped getting it.,0
Ugwdtebj_lSAJbIy3Od4AaABAg,Did anyone notice no one got the flu during the pandemic in 2020?,0
Ugybj9eVQu0Ef3JT4NN4AaABAg,"I'm almost certain that the only reason vaccines exist, is because our immune systems aren't functioning properly. If the purpose of the vaccine is to put training wheels on the virus, then it would seem that our immune system is normally supposed to handle these problems. So the real question isn't, ""how can we make a universal vaccine?"" but should be, ""why doesn't our immune system function?"" In my opinion, its some underlying health condition that isn't being met. As in, not eating healthy foods, etc. I do believe that eating meat is at least part of the problem, and the fact that the flu vaccine is incubated in chicken eggs, suggests that they could be a part of the problem too. 🤦 The problem with the vaccine approach is that it's not only expensive, but it has side effects, and it's not solving the actual problem; a dysfunctional immune system. Western society will find the most round about solutions to circumventing problems, instead of changing their way of life because it's unhealthy.",0
UgxebqTPukawPJWwLIF4AaABAg,She or he got intramuscular injection type,0
UgxU-vWg1aBI_bFjXrh4AaABAg,They are not good,-1
UgzrqP_dqE9sCm_ROst4AaABAg,"Well, I live in tropical country The last time I had flu is when I'm on the sixth grade, now I'm 31",0
UgwuMI7cBnwr3QUstxx4AaABAg,Can you put his own sticker on?,0
UgwailvivcR6I8PlgFR4AaABAg,David g millen,0
UgzOswjlWC-Fr_UWz794AaABAg,Scientists are being recruited by other countries. The brain drain is going to have repercussions for generations. I do wonder what amount of bribe will get the vaccine approved.,0
Ugxw4lFIHZHeCoZ0Iw54AaABAg,"It is classic deflection on the part of individuals who being unable to intelligently argue via science then attempt to obfuscate this fact by making pseudoscientific arguments which are rooted in ideology rather than science. Moral: this correctly is viewed as a reformulation based upon an already proven _""vaccine model""_ - that being mRNA based vaccines. Thus the new vaccine is less _""new""_ as far as a vaccine delivery mechanism and more an alteration in the viral pathogen being targeted by the vaccine. It is not unlike taking a proven cake recipe which used chocolate and substituting vanilla for chocolate. The cake is still a cake based upon a proven recipe and all you did was to change an ingredient.",0
Ugwrzr3F3YNHNr_PiWZ4AaABAg,Faith actually prevents the flu. In these hard times I pray our children to be protected and shielded by salvation 🫡🙏,0
UgwKD-afcdhT9zME-g14AaABAg,"Under RFK jr, the FDA is doing everything it can to promote what DJT wants. Sickness and death being high on the list.",0
UgxPzrDTXExSn-UDrSp4AaABAg,"Center Grove Middle School Central, Greenwood, IN",0
Ugycfvk2GsVeexKDMPt4AaABAg,Does the nasal spray do the same thing?,0
UgyxJbvSL2XJZiBWuQ14AaABAg,Nobody needs these shots they are poison,-1
Ugytjh4w5_g41jKNOS54AaABAg,so they release flu's to see which one speads best then give you a shot to stop what they started. i stopped taking it when i was 15 and had the flu once but not ass bad as the people getting the flu shots. been 10 years sick last my flu. get 1 day cold once a year that's about it. been to a old age home about 4 years ago to help out and there was a flu/virus outbreak there killing of the old people the works got there shots against it the said i had to get it i said no and i was fine but all who got that shot shot were sick for up yo a week.remember the flu shot is to break down your immunity nd build it back up against the flu. but when it's down that's the fine line they tread with this shot if you get majorly sick from it or not. why is it so important to vaccinate the young under 12 and super old 50 and up only. you know why to see who will die off from there virus strains testing. the young are build there systems still and the old are losing them so the one in between those ages are immunity so strong at one point we stay healthy no matter what. it sucks when my family member get the flue shot i end up taking care of them some time since i can't get sick from it. well in the end i say it's mind over matter why i never believed in the flu shot from the start.,-1
Ugzo5DW7BQnejHS1Yx54AaABAg,Flu shots are very very important,0
Ugy-mUnscqNPqEvbESF4AaABAg,"חשוב,להתחסן❤נגד,שפעת ע בעלי יתחסנו❤❤כל שנה היום 😅😅מחוסנים❤❤",0
Ugz2aKzUlzfXsqKRM894AaABAg,"just got mine, it is was so fucking painfull i couldnt sleep at night and right now im feeling ao much pain this is way im an anti vaccer i wish i never got it fuck my life",-1
UgyUdmlHbh9guzvrgmN4AaABAg,"I took it last year it made me so sick could hardly move. Every year I took it but last year I was sick as a dog. So I’m not going take it this year, I don’t want to take it afraid to take it.",0
Ugy0z6c3HDD0P3AfsnV4AaABAg,"You dont need them it's not ""MANDATORY.""",-1
Ugz1PcTGbii3e21berd4AaABAg,"The last time I got a flu shot I got sick. That was more than 20 years ago. Like I said, that was the last time.",-1
Ugx9gKAYI_HHwa-8d2p4AaABAg,He would loose his career if he said no,0
UgxNIBMHqVrFmu3oguB4AaABAg,Can't. Im allergic to egg products,0
Ugw2ySPz--0I-QYUcC54AaABAg,"I went to my Gp for a blood test & told by the nurse she could give me the Flu Shot there & then….i was never going to have it but I asked her what was in it ? She looked at me & said “Erm I can find you a leaflet “ I smiled & got up to leave saying “thank you but if you can’t tell me why would you be peddling it” I’m in my late 60’s and after covid I will never trust any vaccine, stay safe ❤",-1
UgyoJeY80nys5oqKtO94AaABAg,If YouTube tells us to trust you then I'm doing the opposite. 😂,0
Ugxx6Oq8rrO6t_uitpR4AaABAg,Evolution,0
UgwknzAIBVg1UY3vXVV4AaABAg,me watching this when corona virus outbreaks:,0
UgxNtZyeLKMfPg7tCBx4AaABAg,"That's alright, you can keep it",0
UgxP0tTqSde18tL_ZY14AaABAg,"Flu season hit hard this year, but Planet Ayurveda’s herbal formula really helped me recover fast. It boosted my immunity and reduced symptoms naturally. Give it a shot if you prefer Ayurvedic solutions over antibiotics.",1
UgzmMLX_UvkkIm2BISl4AaABAg,"There are hundreds of strains of the flu - the one chosen for the yearly shot is a guess at best. And the adjuvant (aluminum, mercury) is very detrimental to your health. My understanding is that the data for the 2025 flu shot is that it has negative efficacy ie If you get the shot, you are MORE likely to get the flu than if you did nothing. Several ppl I know got the flu shot and within hours were sick. Eat organic food, exercise, deep breathing, sufficient rest and reduce stress levels as much as possible. As mentioned, it is a personal choice but I have never gotten it and RARELY get sick.",-1
UgwEbGqt42S_UTqilNJ4AaABAg,"From Canada, zero trust in doctors now, they are getting kickback's for pushing Maid on Canadian people",0
Ugwm5PCRShq8SrwVuSd4AaABAg,1:19 I wish that got censored,0
UgzeiU86mA9nnmFalh94AaABAg,So refreshing to see a medical dr being honest and actually having the general public interest at heart,0
UgxVevPctzu1YpO20KZ4AaABAg,I stopped watching when the lady in her own home was wearing a mask for the video call 🤦🏽‍♂️,0
Ugz_qboQAS0F_WkknUB4AaABAg,but the cap was still on,0
UgyrHkMRwk1l6_ymli94AaABAg,Mauricio Station,0
Ugy0x4TLbVdKork8qUx4AaABAg,"Ha! The 2025 flu shot, in spite of being senior strength, was an abject failure for myself and my friend. I had severe flu for 5 days and it took a few weeks for my lungs to clear. After the 5 days, my GI tract went into cyclical loose/soupy stool and cramps that continued for 4 weeks, until I decided to try a course of Zithromax. Fortunately that seems to have corrected the issue. The doc I saw was no help at all, in fact he prescribed polyethylene glycol for me, thinking it would act like fiber to firm up my stool. What an ignoramus. Lucky for me, I knew better.",0
UgxtWqU6D9gjpj4Rx9V4AaABAg,0:20 I did this so I can replay it agian and agian,0
UgzX4ioZqvuLXI4nCvt4AaABAg,"Yeah, there is. Your have no immune system for about 2 weeks after a flu “vaccine,” so yeah, flu and all sicknesses under the sun are yours in you fall for that shot",0
Ugz4rs0muTPnq6GO9wN4AaABAg,"Scare tactics aren't working, so they'r ( big pharma) upping their game.",-1
UgwupUJIl07oH7ktUOR4AaABAg,Sir injury k 48 hour baad tetanus injection lag wa sakte hein kiya Yani agar 55 hours ho jae tuo koi masla tuo nahi hei please doctor sahab zaroor batae,0
UgyQekNUwwOeEDi7uwR4AaABAg,It’s definitely from the shot and ain’t no doctor going to tell me otherwise the devil is a liar,0
UgzHvkqYApVW6EBAh0R4AaABAg,"I have never taken a flu or any other vaccine (since I was a child). I used to get colds and flues and they ran their course. Past few years I've been making drastic changes in diet, taking supplements, cut sugar and red meat and do light exercise. I have not been sick - even a cold - for the past 3 years. I am becoming a big fan of you and your partners. You sound like my doctor who saved me from a liver transplant.",-1
Ugwr20Ecidmf0-KNVol4AaABAg,They say in those cases that it takes the flu shot X amount of time to work a week or two or something..so if you get the flu during that time or already had it when you get the shot it won't help..so the shot didn't give it to you. Okay that's what they say. Here's what I say.. I got my flu shot the year before covid.. but there is no way in hell I got my covid shot which was a left wing woke narrative of a yet untested new technology mRNA shot.,0
UgwxnOChY91sqSxNsr94AaABAg,Everyone in my family has the flu so I got a shot yesterday and now I feel sick.,0
Ugx4Vki8OQ75VkK4EsZ4AaABAg,This administration wants to kill off Americans.,0
UgwkxdCVgnSIuKFVoct4AaABAg,I got my flu shot Friday an its now Sunday I been in bed since hell my ass feel like I'm damn near dying fucking flu shot,0
Ugz1Xan4JjBeVEqHEIB4AaABAg,Inject your kids then,0
Ugx09G1aW00zPBimHYt4AaABAg,Thanks so much for your PSA and I hope people listen to you.,0
UgyAWzi4zbxxhP_NtCl4AaABAg,"Top secret chicken farm eggs?! That’s a story I want to hear, not for another time. How are you going to just tease me like that? 3:10",0
UgytAhqeF337iGTLx7p4AaABAg,"Such a shame. I need to deep dive my records and look at ingredients, but I keep reacting to vaccines. The moderna COVID vax I had zero issues. I trust moderna.",0
UgzvLxgmmwtIJkEfxS14AaABAg,I had my flu vaccine shot 3 days ago and woke up feeling the way described. Does that mean that I would have gotten the flu?,0
UgwQN4LhrbFfpaRca2V4AaABAg,"The virus mutate , the flu vaccine doesn’t stop the community spread. Go do more research doesn’t seem you learned that in med school.",0
Ugxz9b0HWp3u6mK0gOV4AaABAg,"But you get paid for every shot that's given so your going to make it sound worse,if your immune system is good you should be able to fight these viruses off.",-1
UgyX1Wn_amQYtNLWmt14AaABAg,2:05 Why does the equator run through the middle of the Mediterranean? This global is North vs South in a kinda racist way. Half of Africa is in the northern hemisphere people.,0
UgwpQFaGBFtcD4zq7fV4AaABAg,"Since when is 5-10 days typical, or even mild, for the flu? I work at a preschool and the flu went around a couple weeks ago, majority of us were only sick 24-48 hours",0
UgwMMuc37SxEwq9w86N4AaABAg,I hope you get the same experience with the flu shot I did. Wheelchair life is no joke the shots are cruel,0
UgyDbP-x3R3-n454YL54AaABAg,I'm a scientist working at a vaccine company and we're right in the middle of starting up a new cell-line plattform to replace the embryonic fibroblasts platform😇😇,0
UgyVxnm8PZ91j7ue6h14AaABAg,How can you say this when the flu shot literally has all the active flu viruses for the year in it😂. Ya ya. They re inactive. The components are still now in your body when they weren’t before.,0
UgzXaH545BvFjTeTSyh4AaABAg,"Do people really think that a private corporation is preocupied with their health?? What a naive belief... they only care with their profit, if some people die or get seriously injured they can care less. They have a free legal pass to kill us all and you cant even sue them because the law doesnt allow. A license to kill............",0
Ugyaes4MqfQsmV0jBw14AaABAg,This is stupid.,0
UgyVUN17JApzmyBfYRN4AaABAg,Never had a flu shot and never had the flu. Knock on wood. I'm glad the vaccine exists for vulnerable individuals. I will take my chances however.,-1
UgynkWHufI-gcbHuSpR4AaABAg,I'm not a fool. Keep it for yourself.,0
UgxMgD36SG_Auk_mpAF4AaABAg,Who knows Eggs. Inc?,0
UgxkRwFz2ZLnNLIufC54AaABAg,The BBC should climb out of the journalistic gutter,0
Ugy36WzgHGK8MekL9kV4AaABAg,He forgot to say that that yearly flu shot contains mercury. Other vaccines contain traces of mercury but not the ineffective flu shot.,0
UgwX6yicUsrjmusL8Vt4AaABAg,i have never had the flu shot since the one time my husband and i had it and we were really sick for 3 months.,-1
UgwSjiUOJCZ0bfmdWlt4AaABAg,I have never had a flu shot. What is the flu?,-1
UgwdfUsSgBHLKODlTxV4AaABAg,No vaccines for me.,0
Ugyr5WCVqvLFX4HMwGN4AaABAg,Id rather them come up with an advanced way to use CRISPR CAS…just edit my shii and keep it pushin,0
UgznW9-wglOgrbsqm2t4AaABAg,Bro got lucky,0
UgwTETYqdiXlWuZyhOR4AaABAg,Just got it this morning. 13 hours later feeling weird,0
Ugwdbo13bv79Ex6JstJ4AaABAg,Yea i have a allergic reaction to flu shots😭😭😭😭👏👏👏,0
Ugx42loOYLLQMlgyvD54AaABAg,"So,is it ""safe and effective""? Unlike the clot-shot?",0
Ugy3oMBUai_mB4Nyfrd4AaABAg,Thank you Doctor. We need to know. It’s probably just like the Canada Bridge. Some other drug company bribed trumpf.,1
UgzL9YOGjQfm-UNNa4N4AaABAg,Good little doctor 😂 Here is your cookie 🍪,1
UgyhK2XtuLnysDaziiN4AaABAg,WHY is the Trump administration making business more difficult for drug companies & vaccine companies? And cozying up to other industries.,0
UgwzbLQ4m4PC_nKBO5h4AaABAg,"POISON. And when big pharma gives flu shots for free... well, you become the product - when does big pharma give anything away? Never - unless they'll make money off it years down the line. Many years ago I thought TED was going to be a good thing - but over time I have never seen so many frauds and corrupt people doing TED talks.",-1
UgzffCLTh4MZV1WOvl94AaABAg,"Thursday July 21, 2016",0
UgxWit-kOui3l_y0q5Z4AaABAg,I have to say; he looks older than 42.,0
Ugxb7H31eTG8E-L2nAx4AaABAg,When I hear influenza I think of Edward Cullen! ❤😂,0
UgygrKdWywP73PV-HEt4AaABAg,"I’ve had the flu twice in my life (29). It was really bad but I got over it in a week of bed rest. I asked my doctor if I should get a flu shot, she said I could if I wanted to, but given my health history and age, she doesn’t really see it as necessary and that I’d likely have mild flu-like symptoms after the vaccination so in my case she didn’t think the positives outweighed the negatives. She has a more conservative approach with drugs, only using them when the benefit truly outweighs the risks and focuses more on naturally maintaining healthy lifestyles rather than just pushing drugs as first line treatments all the time, unlike most doctors nowadays. She gives my parents flu shots every year though because they have multiple health issues and are older.",-1
Ugy8G5Udx0nlT0V_-fp4AaABAg,"Just do what’s right for you based on your experiences and I’ll do what I know is right for me based on my experiences. I took the flu shot every year since it started until 2017, and I was sickern’ hell every winter. I stopped that BS in 2017 and suddenly came down with a rash of 8 years of extremely good health (so far at this point in time). The greatest blessing that came out of my taking the flu shot & the experiences and lessons it taught me was that it was so easy for me to leave the COVID Bioweapon death jab alone.",1
UgxC0FaCxkONhQ_EcvF4AaABAg,If his obesity was mentioned that would be called “body shaming” and the person who showed concern about it would be shamed😑for being judgmental.,0
UgxCRxuNJt_cA3a6aep4AaABAg,"as soon as you can tell me if the side effects will kill you , and the flu probably won't .",0
Ugw0xc4nrZEkqWcSV6l4AaABAg,"Can/will someone answer a simple question, I understand that A flu shot is but one type/strain of flu administered, apparently there are over 200 different strains of flu, SO, HOW DO THE HEALTH PEOPLE KNOW WHICH STRAIN TO INCLUDE IN A SINGLE SHOT?",0
Ugy28FdvAXuxyhK8nih4AaABAg,It's not safe for anyone,0
UgwEv-yAZotyXRwnCiZ4AaABAg,I agree,0
UgxxGntJHoA8mZzNvgF4AaABAg,Nobody trusts doctors anymore and we aren’t gullible anymore to believe you because the elites have already put it out there that they want to depopulate the world using vaccines! That’s why The Most High gave us our immune systems. SATAN IS A LIAR!!!,0
Ugz-1muwuFBo5oIR_MB4AaABAg,"Every single time I get a flu shot, I get sick for a couple of days. Muscle aches, tiredness, slight fever, light nausea. But I still get the shot, because there's a few times I didn't bother and I got the full flu. It was 10 times worse. Get your shots people.",-1
UgwkSJ8cGTnMmALlbAt4AaABAg,No thank you.,1
UgwR54U-Q1y1AbFBiAh4AaABAg,"This video was cool but did you know if you follow my twitch you will get one 1-3 hour long vid once or twice a month, it's Stormraider82, sorry for the generic name",0
UgyT0kxJCXHJwqoLyEV4AaABAg,first time i’ve been injection age of 56 flu job and i am really an well temperature 38.2 and i am copd i hope next year not so bad,-1
Ugwpg-O9eMKi52QTgxV4AaABAg,I won't get the COVID vaccine since it hasn't been thoroughly tested (i.e. for more than 10 years) but I'm an advocate of the flu shot. It saved my 90+ mother (she only had a mild case).,1
UgxfZbAoI962B65-z6N4AaABAg,"""Correcting vaccine myths may not be an effective approach to promoting vaccination"". Those vaccine ""myths"" are typically the truth ... yet because of the captured media (which Pharma has control over), Doctors, the Government and related agencies, that ""truth"" is suppressed and/or skewed.",-1
UgxVCo5MpyeiE68-zSB4AaABAg,Ciara Inlet,0
UgyWm3axjkIrX9n0y254AaABAg,Welcome to the destruction of public health in America. It’s so disheartening.,0
UgzRvSJnFEb8LptpXVV4AaABAg,Not all ingredients are given not all side. Effects and reactions are given the ads are for sales,0
UgxP3w_hzcjT0nFz1514AaABAg,Yes there is a way.... People are wiser more and not falling for the medical propaganda scams anymore 😎,-1
UgyOhsimESSh-lWCPK14AaABAg,I’ve never taken a flu shot in my entire pathetic life. And I rarely get the flu. Maybe like once every 3 years and colds like once a year.,-1
UgzBZavWwTPr0VmKtY14AaABAg,"We don't want DNA recombinant or mRNA vaccine that is going to cause inflammation and continuously overwork the immune system, making the person contagious. . We want the ones we used before that doesn't cause inflammation and not going to make someone a walking germ. Your fragments that you inject dead or alive are proteins that cause inflammation in the brain and everywhere else. That is harmful. Inflammation is very harmful and cause ppl to suffer! Keep your technology !",-1
UgwFRlzCS6qSn4wG2fh4AaABAg,When JFK Jr. comes back i hope he kick RFK Jr's ass.,0
Ugwkg3UKHIeZLLfkz8R4AaABAg,as an American senior can i get it in Canada? i'll pay.,0
UgxA5y0-stCsPYwRPmB4AaABAg,Natural immunity is what we have always done and strengthens our immune system. Why risk having vaccines there not 100% effective.,0
Ugxa80tuFjixkDhyXmB4AaABAg,"AND what wasn't covered was the preservative used in most flu shots: aluminum sulfate. It's all online. Research the drug company of the flu shot you are getting. It's in the specs, but you may have to scroll a bit to find it, as well as all the other stuff they put in it--no thanks!!!",-1
UgwyaI1DyHqRXLQMsQ54AaABAg,I took the shots in order to save my job. I have never gotten so sick in my entire life. I haven't been the same since.,-1
Ugz7v0K8QN9pVeJIA6B4AaABAg,Never had the flu vaccine and never gotten the flu. Never getting ANY vaccine,-1
UgzpgLmp381aC5bd9v14AaABAg,"is it good to combine ""Training"" your imune system with vaccines?",1
Ugx_SjWCjsTDwSB6R6B4AaABAg,Propaganda machine hard at work as always 😏,0
UgzGXzVNbXOXwyi8muF4AaABAg,"I’m proud of Dr. Greger and his team for producing this video. It’s so important to get this information out. Vaccine hesitancy is NOT unreasonable. So giving people real, science based evidence of its benefits is really important.",1
UgwWVg-bk2ugz6hE6uh4AaABAg,"My doctor recommended I don't get the flu shot because of the medicine I'm on. Should I still get it? My doctor said I shouldn't, but all these ads and media keeps telling me I need it.",-1
UgwkHu3K29feI9FPuBp4AaABAg,Old Worm Brain likely has his hand in this. He is probably mixing us up some bat guano to take instead.,0
UgzclSnkqf3Y5L8KkIZ4AaABAg,"1935 world's leading child psychiatry expert Dr Leo Kanner wrote 1st ever 500 p. book on subject. He made no mention of autism because it was unknown. 1943 he announced discovery of 11 cases unlike anything before. Autism then 1 in 10,000. Now with increase of vax is like 1 in 100= 1%!!! Autism is man made. IF it were genetic as vax makers say, it woulda been noticed long before 1943. 1st cases were from wealthy families who could afford/did vax. 1st cases in Japan 1945 with mandatory vax laws.",-1
UgzcuMXZyyOq9VHY5pZ4AaABAg,BUFFALO CHIPS,0
Ugxen4owE69XQhImm_J4AaABAg,"Howcome then i never got sick before moving to USA and every year that i got flu shot, right after that i saw flu symptoms. Either right away or few weeks later i got the flu (not every year though but most of the years). If Flu shot is to prevent flu or make you immune how am i only getting flu after the vaccine...???",-1
Ugx_BDLYWCn0VORFH_14AaABAg,Very good info. I feel most fortunate despite a bit of a belly (beer) I take lithium and no other meds. I've never had a flu jab or the offerings. I am 66 and touch wood remain pretty fit.,-1
Ugzwv_ApqSSdQzBHokh4AaABAg,Here because i've just took my annual flu shot. i was one of those from the other camp before i got my first one last year. Yeah say all you want about how this is all about profit and it doesn't work etc... i've got my first flu shot last year and for the ENTIRE year i haven't got a flu / cold. The most i've gotten was a scratchy throat with alittle mild runny nose. Coming from someone like me that gets sick every month or when any asshole sneezes beside me... yea this works. I'm sick of getting sick from walking pass an irresponsible idiot who just sneezes anyhow.,0
Ugx3wQZicnbjux0lteN4AaABAg,Are the flu shots MNRA technology?,0
Ugw8YPurjV_H4_v_aUN4AaABAg,"Nope, you just don't need it.",-1
UggAkk8zWhmo2ngCoAEC,You guys make some amazing videos.,0
UgwGtnaUSp-rTjAhECt4AaABAg,2 months after getting the flu vaccine my arm is still so sore that I have changed some of my activities. I don't think I will get it again.,-1
Ugw5vdwrUz1NtEXU7jl4AaABAg,"How is this information ""Nutrition Facts""?",0
UgzHlzQ8HHuRV_iH7SR4AaABAg,"I am getting a flu shot tomorrow. I have never had one and scared. I have heard it makes you sick, and also heard you can have a reaction to it and die....anyone know if that is true?",-1
UgwevK2V7SwPvW_cDJZ4AaABAg,Could i possibly get a little sick from the flu shot? Just got one in school up the nose and my head started to hurt alot and yesturday my throat started hurting a little now the same now and im always tired and i just woke up from another accidental nap and now my nose is blocked 🧍‍♀️ oh well it will go away soon,0
UgzSgX3m-bpHnqA6tl94AaABAg,Everything he said is very true. The flu vaccine is based on what just happened from the southern hemisphere every year.,0
UgxJnjYYyax_9-89JDx4AaABAg,Fraud!,0
UgwGnMUYB2ZLwjXCe1N4AaABAg,"Got the flu shot August 29th 2025, I have never felt more sick in my life. Against my better judgment , my doctor ( who I trust and like very much) convinced me to get the flu shot. I'm sure she has nothing but good intentions but....there has to be a greater force behind this. FDA ... CDC??? I am not a conspiracy theorist by any means but my gut is screaming at me. I can't even explain the horror I'm going through right now. If this is somehow a coincidence I would be shocked. Again, this is nothing against doctors, nurses and those in the medical field, as most are superheroes in my eyes. Please, listen to your clients..... if they are coming to you in numbers telling you something isn't right... Listen to them. Some of my symptoms are head tremors, terrible hacking cough, food is repulsive; tastes rotten. Extreme dry mouth, fever, sweating profusely through my clothes, aches throughout my lower back. I can keep going but it's a bit TMI. I want to just ☠️ ☠️ ☠️ at this point. If anyone else has gone through this... please share. I would help me to not feel so alone. I've been to the doctor twice in one week and am going back again tomorrow. The last after hours doctor who saw me made me feel insane. I could visibly see he was frustrated and didn't believe me. Mind you, throughout my time here on earth , I have barely seen doctors except for routine visits so I'm not hysterical or a hypochondriact. I was perfectly fine and in good health previous to this shot. This is going into the third week now, symptoms have progressed . He prescribed a few medications that only made my ailments worse. Again, I do NOT blame him. Yes, I wish he would have been kinder but i do not think he is the culprit and I understand most doctors stand by the flu shot wholeheartedly. I've written a lot, I apologize but I really needed to get this out. Do you think this is coincidence or directly related? Thank you in advance...please be nice 🫣❤",-1
Ugw3NOCDb0h_rEgLy1N4AaABAg,Save this video to your treasure chest 🙂,0
UgylRdNYYlFUH5dK5TJ4AaABAg,The funniest thing about not vaxxing; those sociopathic politicians that tell you not to vaxx; have their families vaxxed! 🤔,-1
Ugwahv7x33R5iI3Q_Uh4AaABAg,You can't make a vaccine for the flu or coronavirus! They mutate too quickly! Why are people so stupid?,0
UgzscruQvFdG4ouerT14AaABAg,U dont,-1
Ugzc_dPhDjugj25_SPN4AaABAg,130 research papers on the downside of vaccines:,0
Ugzv-RBHbWp1oJEPavJ4AaABAg,LOST TRUST??... YOU NAILED IT..TRUST HAS BEEN GONE FOR DECADES WITH ME...,0
UgwfWn7GtM6GrywM07x4AaABAg,SHORT ANSWER......NEVER💯💪🏻🇺🇸,-1
UgzojYrAgP2IoVS6Vi14AaABAg,Sounds like a move to decrease the over 50 population.,0
UgzTUNITA-PT6jPWI9x4AaABAg,"After the covid clot shot, I am done with being a pharmaceutical guinea pig.",-1
